01-13 03:42:12 com_github_MitjaNemec_ReplicateLayout.action_replicate_layout 359:Plugin executed on: 'linux'
01-13 03:42:12 com_github_MitjaNemec_ReplicateLayout.action_replicate_layout 360:Plugin executed with python version: '3.9.2 (default, Feb 28 2021, 17:03:44) \n[GCC 10.2.1 20210110]'
01-13 03:42:12 com_github_MitjaNemec_ReplicateLayout.action_replicate_layout 361:KiCad build version: 6.0.11+dfsg-1~bpo11+1
01-13 03:42:12 com_github_MitjaNemec_ReplicateLayout.action_replicate_layout 362:Plugin version: 1.3.5
01-13 03:42:12 com_github_MitjaNemec_ReplicateLayout.action_replicate_layout 363:Frame repr: <wx._core.Frame object at 0x7f99400b19d0>
01-13 03:42:12 com_github_MitjaNemec_ReplicateLayout.action_replicate_layout 387:Preparing replicator with Q3801 as a reference
01-13 03:42:12 com_github_MitjaNemec_ReplicateLayout.replicate_layout 113:getting a list of all footprints on board
01-13 03:42:12 com_github_MitjaNemec_ReplicateLayout.action_replicate_layout 435:source anchor footprint is 'Q3801'
Located on: ['_double_port_pwr3', '_single_channel_pwr_14']
With filenames: ['_double_port_pwr.kicad_sch', '_single_channel_pwr.kicad_sch']
With sheet_id:['_double_port_pwr3', '_single_channel_pwr_14']
01-13 03:42:12 com_github_MitjaNemec_ReplicateLayout.action_replicate_layout 442:Corresponding footprints are 
[('Q401', ['_double_port_pwr1', '_single_channel_pwr_17']), ('Q601', ['_double_port_pwr1', '_single_channel_pwr_21']), ('Q901', ['_double_port_pwr1', '_single_channel_pwr_19']), ('Q501', ['_double_port_pwr1', '_single_channel_pwr_20']), ('Q1001', ['_double_port_pwr1', '_single_channel_pwr_23']), ('Q301', ['_double_port_pwr1', '_single_channel_pwr_16']), ('Q1401', ['_double_port_pwr1', '_single_channel_pwr_15']), ('Q1301', ['_double_port_pwr1', '_single_channel_pwr_13']), ('Q1101', ['_double_port_pwr1', '_single_channel_pwr_24']), ('Q801', ['_double_port_pwr1', '_single_channel_pwr_22']), ('Q1201', ['_double_port_pwr1', '_single_channel_pwr_14']), ('Q701', ['_double_port_pwr1', '_single_channel_pwr_18']), ('Q2401', ['_double_port_pwr2', '_single_channel_pwr_24']), ('Q3001', ['_double_port_pwr3', '_single_channel_pwr_17']), ('Q3201', ['_double_port_pwr3', '_single_channel_pwr_21']), ('Q4001', ['_double_port_pwr3', '_single_channel_pwr_15']), ('Q2601', ['_double_port_pwr2', '_single_channel_pwr_13']), ('Q3901', ['_double_port_pwr3', '_single_channel_pwr_13']), ('Q1801', ['_double_port_pwr2', '_single_channel_pwr_20']), ('Q3301', ['_double_port_pwr3', '_single_channel_pwr_18']), ('Q2901', ['_double_port_pwr3', '_single_channel_pwr_16']), ('Q3401', ['_double_port_pwr3', '_single_channel_pwr_22']), ('Q2701', ['_double_port_pwr2', '_single_channel_pwr_15']), ('Q3801', ['_double_port_pwr3', '_single_channel_pwr_14']), ('Q3101', ['_double_port_pwr3', '_single_channel_pwr_20']), ('Q2001', ['_double_port_pwr2', '_single_channel_pwr_18']), ('Q3601', ['_double_port_pwr3', '_single_channel_pwr_23']), ('Q2201', ['_double_port_pwr2', '_single_channel_pwr_19']), ('Q1601', ['_double_port_pwr2', '_single_channel_pwr_16']), ('Q3701', ['_double_port_pwr3', '_single_channel_pwr_24']), ('Q2501', ['_double_port_pwr2', '_single_channel_pwr_14']), ('Q1701', ['_double_port_pwr2', '_single_channel_pwr_17']), ('Q2301', ['_double_port_pwr2', '_single_channel_pwr_23']), ('Q1901', ['_double_port_pwr2', '_single_channel_pwr_21']), ('Q2101', ['_double_port_pwr2', '_single_channel_pwr_22']), ('Q3501', ['_double_port_pwr3', '_single_channel_pwr_19'])]
01-13 03:42:12 com_github_MitjaNemec_ReplicateLayout.action_replicate_layout 454:Showing dialog
01-13 03:42:12 com_github_MitjaNemec_ReplicateLayout.replicate_layout 391:constructing a list of sheets suitable for replication on level:'_single_channel_pwr_14', file:'_single_channel_pwr.kicad_sch'
01-13 03:42:12 com_github_MitjaNemec_ReplicateLayout.replicate_layout 428:suitable sheets are:[['_double_port_pwr1', '_single_channel_pwr_13'], ['_double_port_pwr1', '_single_channel_pwr_14'], ['_double_port_pwr1', '_single_channel_pwr_15'], ['_double_port_pwr1', '_single_channel_pwr_16'], ['_double_port_pwr1', '_single_channel_pwr_17'], ['_double_port_pwr1', '_single_channel_pwr_18'], ['_double_port_pwr1', '_single_channel_pwr_19'], ['_double_port_pwr1', '_single_channel_pwr_20'], ['_double_port_pwr1', '_single_channel_pwr_21'], ['_double_port_pwr1', '_single_channel_pwr_22'], ['_double_port_pwr1', '_single_channel_pwr_23'], ['_double_port_pwr1', '_single_channel_pwr_24'], ['_double_port_pwr2', '_single_channel_pwr_13'], ['_double_port_pwr2', '_single_channel_pwr_14'], ['_double_port_pwr2', '_single_channel_pwr_15'], ['_double_port_pwr2', '_single_channel_pwr_16'], ['_double_port_pwr2', '_single_channel_pwr_17'], ['_double_port_pwr2', '_single_channel_pwr_18'], ['_double_port_pwr2', '_single_channel_pwr_19'], ['_double_port_pwr2', '_single_channel_pwr_20'], ['_double_port_pwr2', '_single_channel_pwr_21'], ['_double_port_pwr2', '_single_channel_pwr_22'], ['_double_port_pwr2', '_single_channel_pwr_23'], ['_double_port_pwr2', '_single_channel_pwr_24'], ['_double_port_pwr3', '_single_channel_pwr_13'], ['_double_port_pwr3', '_single_channel_pwr_15'], ['_double_port_pwr3', '_single_channel_pwr_16'], ['_double_port_pwr3', '_single_channel_pwr_17'], ['_double_port_pwr3', '_single_channel_pwr_18'], ['_double_port_pwr3', '_single_channel_pwr_19'], ['_double_port_pwr3', '_single_channel_pwr_20'], ['_double_port_pwr3', '_single_channel_pwr_21'], ['_double_port_pwr3', '_single_channel_pwr_22'], ['_double_port_pwr3', '_single_channel_pwr_23'], ['_double_port_pwr3', '_single_channel_pwr_24']]
01-13 03:42:12 com_github_MitjaNemec_ReplicateLayout.replicate_layout 1356:Level selected: ['_double_port_pwr3', '_single_channel_pwr_14']
01-13 03:42:12 com_github_MitjaNemec_ReplicateLayout.replicate_layout 1191:Filtering list of tracks
01-13 03:42:12 com_github_MitjaNemec_ReplicateLayout.action_replicate_layout 460:Toolbar position: wx.Point(3086, 85)
01-13 03:42:12 com_github_MitjaNemec_ReplicateLayout.action_replicate_layout 465:Dialog position: wx.Point(2722, 85)
01-13 03:42:26 com_github_MitjaNemec_ReplicateLayout.replicate_layout 391:constructing a list of sheets suitable for replication on level:'_single_channel_pwr_14', file:'_single_channel_pwr.kicad_sch'
01-13 03:42:26 com_github_MitjaNemec_ReplicateLayout.replicate_layout 428:suitable sheets are:[['_double_port_pwr1', '_single_channel_pwr_13'], ['_double_port_pwr1', '_single_channel_pwr_14'], ['_double_port_pwr1', '_single_channel_pwr_15'], ['_double_port_pwr1', '_single_channel_pwr_16'], ['_double_port_pwr1', '_single_channel_pwr_17'], ['_double_port_pwr1', '_single_channel_pwr_18'], ['_double_port_pwr1', '_single_channel_pwr_19'], ['_double_port_pwr1', '_single_channel_pwr_20'], ['_double_port_pwr1', '_single_channel_pwr_21'], ['_double_port_pwr1', '_single_channel_pwr_22'], ['_double_port_pwr1', '_single_channel_pwr_23'], ['_double_port_pwr1', '_single_channel_pwr_24'], ['_double_port_pwr2', '_single_channel_pwr_13'], ['_double_port_pwr2', '_single_channel_pwr_14'], ['_double_port_pwr2', '_single_channel_pwr_15'], ['_double_port_pwr2', '_single_channel_pwr_16'], ['_double_port_pwr2', '_single_channel_pwr_17'], ['_double_port_pwr2', '_single_channel_pwr_18'], ['_double_port_pwr2', '_single_channel_pwr_19'], ['_double_port_pwr2', '_single_channel_pwr_20'], ['_double_port_pwr2', '_single_channel_pwr_21'], ['_double_port_pwr2', '_single_channel_pwr_22'], ['_double_port_pwr2', '_single_channel_pwr_23'], ['_double_port_pwr2', '_single_channel_pwr_24'], ['_double_port_pwr3', '_single_channel_pwr_13'], ['_double_port_pwr3', '_single_channel_pwr_15'], ['_double_port_pwr3', '_single_channel_pwr_16'], ['_double_port_pwr3', '_single_channel_pwr_17'], ['_double_port_pwr3', '_single_channel_pwr_18'], ['_double_port_pwr3', '_single_channel_pwr_19'], ['_double_port_pwr3', '_single_channel_pwr_20'], ['_double_port_pwr3', '_single_channel_pwr_21'], ['_double_port_pwr3', '_single_channel_pwr_22'], ['_double_port_pwr3', '_single_channel_pwr_23'], ['_double_port_pwr3', '_single_channel_pwr_24']]
01-13 03:42:26 com_github_MitjaNemec_ReplicateLayout.action_replicate_layout 207:Replicating layout
01-13 03:42:26 com_github_MitjaNemec_ReplicateLayout.replicate_layout 237:Starting replication of sheets: [['_double_port_pwr1', '_single_channel_pwr_13'], ['_double_port_pwr1', '_single_channel_pwr_14'], ['_double_port_pwr1', '_single_channel_pwr_15'], ['_double_port_pwr1', '_single_channel_pwr_16'], ['_double_port_pwr1', '_single_channel_pwr_17'], ['_double_port_pwr1', '_single_channel_pwr_18'], ['_double_port_pwr1', '_single_channel_pwr_19'], ['_double_port_pwr1', '_single_channel_pwr_20'], ['_double_port_pwr1', '_single_channel_pwr_21'], ['_double_port_pwr1', '_single_channel_pwr_22'], ['_double_port_pwr1', '_single_channel_pwr_23'], ['_double_port_pwr1', '_single_channel_pwr_24'], ['_double_port_pwr2', '_single_channel_pwr_13'], ['_double_port_pwr2', '_single_channel_pwr_14'], ['_double_port_pwr2', '_single_channel_pwr_15'], ['_double_port_pwr2', '_single_channel_pwr_16'], ['_double_port_pwr2', '_single_channel_pwr_17'], ['_double_port_pwr2', '_single_channel_pwr_18'], ['_double_port_pwr2', '_single_channel_pwr_19'], ['_double_port_pwr2', '_single_channel_pwr_20'], ['_double_port_pwr2', '_single_channel_pwr_21'], ['_double_port_pwr2', '_single_channel_pwr_22'], ['_double_port_pwr2', '_single_channel_pwr_23'], ['_double_port_pwr2', '_single_channel_pwr_24'], ['_double_port_pwr3', '_single_channel_pwr_13'], ['_double_port_pwr3', '_single_channel_pwr_15'], ['_double_port_pwr3', '_single_channel_pwr_16'], ['_double_port_pwr3', '_single_channel_pwr_17'], ['_double_port_pwr3', '_single_channel_pwr_18'], ['_double_port_pwr3', '_single_channel_pwr_19'], ['_double_port_pwr3', '_single_channel_pwr_20'], ['_double_port_pwr3', '_single_channel_pwr_21'], ['_double_port_pwr3', '_single_channel_pwr_22'], ['_double_port_pwr3', '_single_channel_pwr_23'], ['_double_port_pwr3', '_single_channel_pwr_24']]
on level: ['_double_port_pwr3', '_single_channel_pwr_14']
with tracks=True, zone=True, text=True, text=True, intersecting=False, remove=True, locked footprints=False, group_only=False
01-13 03:42:26 root 299:updating GUI message: 'Preparing for replication'
01-13 03:42:28 root 304:updating GUI with: 0
01-13 03:42:28 com_github_MitjaNemec_ReplicateLayout.replicate_layout 307:Getting the list of source footprints
01-13 03:42:28 root 304:updating GUI with: 0
01-13 03:42:28 com_github_MitjaNemec_ReplicateLayout.replicate_layout 317:Getting the list of all the remaining footprints
01-13 03:42:28 com_github_MitjaNemec_ReplicateLayout.replicate_layout 324:Getting source tracks
01-13 03:42:28 com_github_MitjaNemec_ReplicateLayout.replicate_layout 1191:Filtering list of tracks
01-13 03:42:28 com_github_MitjaNemec_ReplicateLayout.replicate_layout 328:Getting source zones
01-13 03:42:28 root 304:updating GUI with: 50
01-13 03:42:28 com_github_MitjaNemec_ReplicateLayout.replicate_layout 332:Getting source text items
01-13 03:42:28 com_github_MitjaNemec_ReplicateLayout.replicate_layout 336:Getting source drawing items
01-13 03:42:28 com_github_MitjaNemec_ReplicateLayout.replicate_layout 269:Removing tracks and zones, before footprint placement
01-13 03:42:28 root 299:updating GUI message: 'Removing zones and tracks'
01-13 03:42:28 root 304:updating GUI with: 0
01-13 03:42:28 com_github_MitjaNemec_ReplicateLayout.replicate_layout 1137:Remove bounding box top:63462500, bottom:85862500, Left:149887500, Right:153337500
01-13 03:42:28 root 304:updating GUI with: 2
01-13 03:42:28 com_github_MitjaNemec_ReplicateLayout.replicate_layout 1137:Remove bounding box top:89462500, bottom:111862500, Left:150387500, Right:153837500
01-13 03:42:28 root 304:updating GUI with: 5
01-13 03:42:28 com_github_MitjaNemec_ReplicateLayout.replicate_layout 1137:Remove bounding box top:63462500, bottom:85862500, Left:153387500, Right:156837500
01-13 03:42:28 root 304:updating GUI with: 8
01-13 03:42:28 com_github_MitjaNemec_ReplicateLayout.replicate_layout 1137:Remove bounding box top:63462500, bottom:85862500, Left:175512500, Right:178962500
01-13 03:42:28 root 304:updating GUI with: 11
01-13 03:42:28 com_github_MitjaNemec_ReplicateLayout.replicate_layout 1137:Remove bounding box top:63462500, bottom:85862500, Left:172012500, Right:175462500
01-13 03:42:28 root 304:updating GUI with: 14
01-13 03:42:28 com_github_MitjaNemec_ReplicateLayout.replicate_layout 1137:Remove bounding box top:89462500, bottom:111862500, Left:164387500, Right:167837500
01-13 03:42:28 root 304:updating GUI with: 17
01-13 03:42:28 com_github_MitjaNemec_ReplicateLayout.replicate_layout 1137:Remove bounding box top:89462500, bottom:111862500, Left:160887500, Right:164337500
01-13 03:42:28 root 304:updating GUI with: 20
01-13 03:42:28 com_github_MitjaNemec_ReplicateLayout.replicate_layout 1137:Remove bounding box top:89462500, bottom:111862500, Left:174887500, Right:178337500
01-13 03:42:28 root 304:updating GUI with: 22
01-13 03:42:28 com_github_MitjaNemec_ReplicateLayout.replicate_layout 1137:Remove bounding box top:89462500, bottom:111862500, Left:171387500, Right:174837500
01-13 03:42:28 root 304:updating GUI with: 25
01-13 03:42:28 com_github_MitjaNemec_ReplicateLayout.replicate_layout 1137:Remove bounding box top:89462500, bottom:111862500, Left:167887500, Right:171337500
01-13 03:42:28 root 304:updating GUI with: 28
01-13 03:42:28 com_github_MitjaNemec_ReplicateLayout.replicate_layout 1137:Remove bounding box top:89462500, bottom:111862500, Left:157387500, Right:160837500
01-13 03:42:28 root 304:updating GUI with: 31
01-13 03:42:28 com_github_MitjaNemec_ReplicateLayout.replicate_layout 1137:Remove bounding box top:89462500, bottom:111862500, Left:153887500, Right:157337500
01-13 03:42:28 root 304:updating GUI with: 34
01-13 03:42:28 com_github_MitjaNemec_ReplicateLayout.replicate_layout 1137:Remove bounding box top:-95587500, bottom:-73187500, Left:82437500, Right:85887500
01-13 03:42:28 root 304:updating GUI with: 37
01-13 03:42:28 com_github_MitjaNemec_ReplicateLayout.replicate_layout 1137:Remove bounding box top:-121587500, bottom:-99187500, Left:81937500, Right:85387500
01-13 03:42:28 root 304:updating GUI with: 40
01-13 03:42:28 com_github_MitjaNemec_ReplicateLayout.replicate_layout 1137:Remove bounding box top:-95587500, bottom:-73187500, Left:78937500, Right:82387500
01-13 03:42:28 root 304:updating GUI with: 42
01-13 03:42:28 com_github_MitjaNemec_ReplicateLayout.replicate_layout 1137:Remove bounding box top:-95587500, bottom:-73187500, Left:56812500, Right:60262500
01-13 03:42:28 root 304:updating GUI with: 45
01-13 03:42:28 com_github_MitjaNemec_ReplicateLayout.replicate_layout 1137:Remove bounding box top:-95587500, bottom:-73187500, Left:60312500, Right:63762500
01-13 03:42:28 root 304:updating GUI with: 48
01-13 03:42:28 com_github_MitjaNemec_ReplicateLayout.replicate_layout 1137:Remove bounding box top:-121587500, bottom:-99187500, Left:67937500, Right:71387500
01-13 03:42:28 root 304:updating GUI with: 51
01-13 03:42:28 com_github_MitjaNemec_ReplicateLayout.replicate_layout 1137:Remove bounding box top:-121587500, bottom:-99187500, Left:71437500, Right:74887500
01-13 03:42:28 root 304:updating GUI with: 54
01-13 03:42:28 com_github_MitjaNemec_ReplicateLayout.replicate_layout 1137:Remove bounding box top:-121587500, bottom:-99187500, Left:57437500, Right:60887500
01-13 03:42:28 root 304:updating GUI with: 57
01-13 03:42:28 com_github_MitjaNemec_ReplicateLayout.replicate_layout 1137:Remove bounding box top:-121587500, bottom:-99187500, Left:60937500, Right:64387500
01-13 03:42:28 root 304:updating GUI with: 60
01-13 03:42:28 com_github_MitjaNemec_ReplicateLayout.replicate_layout 1137:Remove bounding box top:-121587500, bottom:-99187500, Left:64437500, Right:67887500
01-13 03:42:28 root 304:updating GUI with: 62
01-13 03:42:28 com_github_MitjaNemec_ReplicateLayout.replicate_layout 1137:Remove bounding box top:-121587500, bottom:-99187500, Left:74937500, Right:78387500
01-13 03:42:28 root 304:updating GUI with: 65
01-13 03:42:28 com_github_MitjaNemec_ReplicateLayout.replicate_layout 1137:Remove bounding box top:-121587500, bottom:-99187500, Left:78437500, Right:81887500
01-13 03:42:28 root 304:updating GUI with: 68
01-13 03:42:28 com_github_MitjaNemec_ReplicateLayout.replicate_layout 1137:Remove bounding box top:-59637500, bottom:-37237500, Left:458337500, Right:461787500
01-13 03:42:28 root 304:updating GUI with: 71
01-13 03:42:28 com_github_MitjaNemec_ReplicateLayout.replicate_layout 1137:Remove bounding box top:-59637500, bottom:-37237500, Left:461837500, Right:465287500
01-13 03:42:28 root 304:updating GUI with: 74
01-13 03:42:28 com_github_MitjaNemec_ReplicateLayout.replicate_layout 1137:Remove bounding box top:-59637500, bottom:-37237500, Left:483962500, Right:487412500
01-13 03:42:28 root 304:updating GUI with: 77
01-13 03:42:28 com_github_MitjaNemec_ReplicateLayout.replicate_layout 1137:Remove bounding box top:-59637500, bottom:-37237500, Left:480462500, Right:483912500
01-13 03:42:28 root 304:updating GUI with: 80
01-13 03:42:28 com_github_MitjaNemec_ReplicateLayout.replicate_layout 1137:Remove bounding box top:-33637500, bottom:-11237500, Left:472437500, Right:476267500
01-13 03:42:28 root 304:updating GUI with: 82
01-13 03:42:28 com_github_MitjaNemec_ReplicateLayout.replicate_layout 1137:Remove bounding box top:-33637500, bottom:-11237500, Left:469037500, Right:472767500
01-13 03:42:28 root 304:updating GUI with: 85
01-13 03:42:28 com_github_MitjaNemec_ReplicateLayout.replicate_layout 1137:Remove bounding box top:-33637500, bottom:-11237500, Left:482637500, Right:486767500
01-13 03:42:28 root 304:updating GUI with: 88
01-13 03:42:28 com_github_MitjaNemec_ReplicateLayout.replicate_layout 1137:Remove bounding box top:-33637500, bottom:-11237500, Left:479237500, Right:483267500
01-13 03:42:28 com_github_MitjaNemec_ReplicateLayout.replicate_layout 1137:Remove bounding box top:-33637500, bottom:-11237500, Left:475837500, Right:479767500
01-13 03:42:28 root 304:updating GUI with: 94
01-13 03:42:28 com_github_MitjaNemec_ReplicateLayout.replicate_layout 1137:Remove bounding box top:-33637500, bottom:-11237500, Left:465637500, Right:469267500
01-13 03:42:28 com_github_MitjaNemec_ReplicateLayout.replicate_layout 1137:Remove bounding box top:-33637500, bottom:-11237500, Left:462237500, Right:465767500
01-13 03:42:28 root 299:updating GUI message: 'Replicating footprints'
01-13 03:42:28 root 304:updating GUI with: 0
01-13 03:42:28 com_github_MitjaNemec_ReplicateLayout.replicate_layout 742:Replicating footprints
01-13 03:42:28 com_github_MitjaNemec_ReplicateLayout.replicate_layout 748:Replicating footprints on sheet ['_double_port_pwr1', '_single_channel_pwr_13']
01-13 03:42:28 root 304:updating GUI with: 2
01-13 03:42:28 com_github_MitjaNemec_ReplicateLayout.replicate_layout 748:Replicating footprints on sheet ['_double_port_pwr1', '_single_channel_pwr_14']
01-13 03:42:28 com_github_MitjaNemec_ReplicateLayout.replicate_layout 748:Replicating footprints on sheet ['_double_port_pwr1', '_single_channel_pwr_15']
01-13 03:42:28 com_github_MitjaNemec_ReplicateLayout.replicate_layout 748:Replicating footprints on sheet ['_double_port_pwr1', '_single_channel_pwr_16']
01-13 03:42:28 com_github_MitjaNemec_ReplicateLayout.replicate_layout 748:Replicating footprints on sheet ['_double_port_pwr1', '_single_channel_pwr_17']
01-13 03:42:28 root 304:updating GUI with: 12
01-13 03:42:28 com_github_MitjaNemec_ReplicateLayout.replicate_layout 748:Replicating footprints on sheet ['_double_port_pwr1', '_single_channel_pwr_18']
01-13 03:42:28 com_github_MitjaNemec_ReplicateLayout.replicate_layout 748:Replicating footprints on sheet ['_double_port_pwr1', '_single_channel_pwr_19']
01-13 03:42:28 com_github_MitjaNemec_ReplicateLayout.replicate_layout 748:Replicating footprints on sheet ['_double_port_pwr1', '_single_channel_pwr_20']
01-13 03:42:28 com_github_MitjaNemec_ReplicateLayout.replicate_layout 748:Replicating footprints on sheet ['_double_port_pwr1', '_single_channel_pwr_21']
01-13 03:42:28 root 304:updating GUI with: 25
01-13 03:42:28 com_github_MitjaNemec_ReplicateLayout.replicate_layout 748:Replicating footprints on sheet ['_double_port_pwr1', '_single_channel_pwr_22']
01-13 03:42:28 com_github_MitjaNemec_ReplicateLayout.replicate_layout 748:Replicating footprints on sheet ['_double_port_pwr1', '_single_channel_pwr_23']
01-13 03:42:28 com_github_MitjaNemec_ReplicateLayout.replicate_layout 748:Replicating footprints on sheet ['_double_port_pwr1', '_single_channel_pwr_24']
01-13 03:42:28 com_github_MitjaNemec_ReplicateLayout.replicate_layout 748:Replicating footprints on sheet ['_double_port_pwr2', '_single_channel_pwr_13']
01-13 03:42:28 com_github_MitjaNemec_ReplicateLayout.replicate_layout 748:Replicating footprints on sheet ['_double_port_pwr2', '_single_channel_pwr_14']
01-13 03:42:28 root 304:updating GUI with: 38
01-13 03:42:28 com_github_MitjaNemec_ReplicateLayout.replicate_layout 748:Replicating footprints on sheet ['_double_port_pwr2', '_single_channel_pwr_15']
01-13 03:42:28 com_github_MitjaNemec_ReplicateLayout.replicate_layout 748:Replicating footprints on sheet ['_double_port_pwr2', '_single_channel_pwr_16']
01-13 03:42:28 root 304:updating GUI with: 44
01-13 03:42:28 com_github_MitjaNemec_ReplicateLayout.replicate_layout 748:Replicating footprints on sheet ['_double_port_pwr2', '_single_channel_pwr_17']
01-13 03:42:28 com_github_MitjaNemec_ReplicateLayout.replicate_layout 748:Replicating footprints on sheet ['_double_port_pwr2', '_single_channel_pwr_18']
01-13 03:42:28 com_github_MitjaNemec_ReplicateLayout.replicate_layout 748:Replicating footprints on sheet ['_double_port_pwr2', '_single_channel_pwr_19']
01-13 03:42:28 com_github_MitjaNemec_ReplicateLayout.replicate_layout 748:Replicating footprints on sheet ['_double_port_pwr2', '_single_channel_pwr_20']
01-13 03:42:28 com_github_MitjaNemec_ReplicateLayout.replicate_layout 748:Replicating footprints on sheet ['_double_port_pwr2', '_single_channel_pwr_21']
01-13 03:42:28 root 304:updating GUI with: 57
01-13 03:42:28 com_github_MitjaNemec_ReplicateLayout.replicate_layout 748:Replicating footprints on sheet ['_double_port_pwr2', '_single_channel_pwr_22']
01-13 03:42:28 com_github_MitjaNemec_ReplicateLayout.replicate_layout 748:Replicating footprints on sheet ['_double_port_pwr2', '_single_channel_pwr_23']
01-13 03:42:28 com_github_MitjaNemec_ReplicateLayout.replicate_layout 748:Replicating footprints on sheet ['_double_port_pwr2', '_single_channel_pwr_24']
01-13 03:42:28 com_github_MitjaNemec_ReplicateLayout.replicate_layout 748:Replicating footprints on sheet ['_double_port_pwr3', '_single_channel_pwr_13']
01-13 03:42:28 root 304:updating GUI with: 71
01-13 03:42:28 com_github_MitjaNemec_ReplicateLayout.replicate_layout 748:Replicating footprints on sheet ['_double_port_pwr3', '_single_channel_pwr_15']
01-13 03:42:28 com_github_MitjaNemec_ReplicateLayout.replicate_layout 748:Replicating footprints on sheet ['_double_port_pwr3', '_single_channel_pwr_16']
01-13 03:42:28 com_github_MitjaNemec_ReplicateLayout.replicate_layout 748:Replicating footprints on sheet ['_double_port_pwr3', '_single_channel_pwr_17']
01-13 03:42:28 com_github_MitjaNemec_ReplicateLayout.replicate_layout 748:Replicating footprints on sheet ['_double_port_pwr3', '_single_channel_pwr_18']
01-13 03:42:28 com_github_MitjaNemec_ReplicateLayout.replicate_layout 748:Replicating footprints on sheet ['_double_port_pwr3', '_single_channel_pwr_19']
01-13 03:42:28 root 304:updating GUI with: 83
01-13 03:42:28 com_github_MitjaNemec_ReplicateLayout.replicate_layout 748:Replicating footprints on sheet ['_double_port_pwr3', '_single_channel_pwr_20']
01-13 03:42:28 com_github_MitjaNemec_ReplicateLayout.replicate_layout 748:Replicating footprints on sheet ['_double_port_pwr3', '_single_channel_pwr_21']
01-13 03:42:28 com_github_MitjaNemec_ReplicateLayout.replicate_layout 748:Replicating footprints on sheet ['_double_port_pwr3', '_single_channel_pwr_22']
01-13 03:42:28 com_github_MitjaNemec_ReplicateLayout.replicate_layout 748:Replicating footprints on sheet ['_double_port_pwr3', '_single_channel_pwr_23']
01-13 03:42:28 root 304:updating GUI with: 96
01-13 03:42:28 com_github_MitjaNemec_ReplicateLayout.replicate_layout 748:Replicating footprints on sheet ['_double_port_pwr3', '_single_channel_pwr_24']
01-13 03:42:28 com_github_MitjaNemec_ReplicateLayout.replicate_layout 277:Removing tracks and zones, after footprint placement
01-13 03:42:28 root 299:updating GUI message: 'Removing zones and tracks'
01-13 03:42:28 root 304:updating GUI with: 0
01-13 03:42:28 com_github_MitjaNemec_ReplicateLayout.replicate_layout 1137:Remove bounding box top:63462500, bottom:85862500, Left:149887500, Right:153337500
01-13 03:42:28 com_github_MitjaNemec_ReplicateLayout.replicate_layout 1137:Remove bounding box top:89462500, bottom:111862500, Left:150387500, Right:153837500
01-13 03:42:28 root 304:updating GUI with: 5
01-13 03:42:28 com_github_MitjaNemec_ReplicateLayout.replicate_layout 1137:Remove bounding box top:63462500, bottom:85862500, Left:153387500, Right:156837500
01-13 03:42:28 com_github_MitjaNemec_ReplicateLayout.replicate_layout 1137:Remove bounding box top:63462500, bottom:85862500, Left:175512500, Right:178962500
01-13 03:42:28 root 304:updating GUI with: 11
01-13 03:42:28 com_github_MitjaNemec_ReplicateLayout.replicate_layout 1137:Remove bounding box top:63462500, bottom:85862500, Left:172012500, Right:175462500
01-13 03:42:28 com_github_MitjaNemec_ReplicateLayout.replicate_layout 1137:Remove bounding box top:89462500, bottom:111862500, Left:164387500, Right:167837500
01-13 03:42:28 root 304:updating GUI with: 17
01-13 03:42:28 com_github_MitjaNemec_ReplicateLayout.replicate_layout 1137:Remove bounding box top:89462500, bottom:111862500, Left:160887500, Right:164337500
01-13 03:42:28 com_github_MitjaNemec_ReplicateLayout.replicate_layout 1137:Remove bounding box top:89462500, bottom:111862500, Left:174887500, Right:178337500
01-13 03:42:28 root 304:updating GUI with: 22
01-13 03:42:28 com_github_MitjaNemec_ReplicateLayout.replicate_layout 1137:Remove bounding box top:89462500, bottom:111862500, Left:171387500, Right:174837500
01-13 03:42:28 com_github_MitjaNemec_ReplicateLayout.replicate_layout 1137:Remove bounding box top:89462500, bottom:111862500, Left:167887500, Right:171337500
01-13 03:42:28 root 304:updating GUI with: 28
01-13 03:42:28 com_github_MitjaNemec_ReplicateLayout.replicate_layout 1137:Remove bounding box top:89462500, bottom:111862500, Left:157387500, Right:160837500
01-13 03:42:28 com_github_MitjaNemec_ReplicateLayout.replicate_layout 1137:Remove bounding box top:89462500, bottom:111862500, Left:153887500, Right:157337500
01-13 03:42:28 root 304:updating GUI with: 34
01-13 03:42:28 com_github_MitjaNemec_ReplicateLayout.replicate_layout 1137:Remove bounding box top:-95587500, bottom:-73187500, Left:82437500, Right:85887500
01-13 03:42:28 com_github_MitjaNemec_ReplicateLayout.replicate_layout 1137:Remove bounding box top:-121587500, bottom:-99187500, Left:81937500, Right:85387500
01-13 03:42:28 root 304:updating GUI with: 40
01-13 03:42:29 com_github_MitjaNemec_ReplicateLayout.replicate_layout 1137:Remove bounding box top:-95587500, bottom:-73187500, Left:78937500, Right:82387500
01-13 03:42:29 com_github_MitjaNemec_ReplicateLayout.replicate_layout 1137:Remove bounding box top:-95587500, bottom:-73187500, Left:56812500, Right:60262500
01-13 03:42:29 root 304:updating GUI with: 45
01-13 03:42:29 com_github_MitjaNemec_ReplicateLayout.replicate_layout 1137:Remove bounding box top:-95587500, bottom:-73187500, Left:60312500, Right:63762500
01-13 03:42:29 com_github_MitjaNemec_ReplicateLayout.replicate_layout 1137:Remove bounding box top:-121587500, bottom:-99187500, Left:67937500, Right:71387500
01-13 03:42:29 root 304:updating GUI with: 51
01-13 03:42:29 com_github_MitjaNemec_ReplicateLayout.replicate_layout 1137:Remove bounding box top:-121587500, bottom:-99187500, Left:71437500, Right:74887500
01-13 03:42:29 com_github_MitjaNemec_ReplicateLayout.replicate_layout 1137:Remove bounding box top:-121587500, bottom:-99187500, Left:57437500, Right:60887500
01-13 03:42:29 root 304:updating GUI with: 57
01-13 03:42:29 com_github_MitjaNemec_ReplicateLayout.replicate_layout 1137:Remove bounding box top:-121587500, bottom:-99187500, Left:60937500, Right:64387500
01-13 03:42:29 com_github_MitjaNemec_ReplicateLayout.replicate_layout 1137:Remove bounding box top:-121587500, bottom:-99187500, Left:64437500, Right:67887500
01-13 03:42:29 root 304:updating GUI with: 62
01-13 03:42:29 com_github_MitjaNemec_ReplicateLayout.replicate_layout 1137:Remove bounding box top:-121587500, bottom:-99187500, Left:74937500, Right:78387500
01-13 03:42:29 com_github_MitjaNemec_ReplicateLayout.replicate_layout 1137:Remove bounding box top:-121587500, bottom:-99187500, Left:78437500, Right:81887500
01-13 03:42:29 root 304:updating GUI with: 68
01-13 03:42:29 com_github_MitjaNemec_ReplicateLayout.replicate_layout 1137:Remove bounding box top:-59637500, bottom:-37237500, Left:458337500, Right:461787500
01-13 03:42:29 com_github_MitjaNemec_ReplicateLayout.replicate_layout 1137:Remove bounding box top:-59637500, bottom:-37237500, Left:461837500, Right:465287500
01-13 03:42:29 root 304:updating GUI with: 74
01-13 03:42:29 com_github_MitjaNemec_ReplicateLayout.replicate_layout 1137:Remove bounding box top:-59637500, bottom:-37237500, Left:483962500, Right:487412500
01-13 03:42:29 com_github_MitjaNemec_ReplicateLayout.replicate_layout 1137:Remove bounding box top:-59637500, bottom:-37237500, Left:480462500, Right:483912500
01-13 03:42:29 root 304:updating GUI with: 80
01-13 03:42:29 com_github_MitjaNemec_ReplicateLayout.replicate_layout 1137:Remove bounding box top:-33637500, bottom:-11237500, Left:472437500, Right:475887500
01-13 03:42:29 com_github_MitjaNemec_ReplicateLayout.replicate_layout 1137:Remove bounding box top:-33637500, bottom:-11237500, Left:469037500, Right:472487500
01-13 03:42:29 root 304:updating GUI with: 85
01-13 03:42:29 com_github_MitjaNemec_ReplicateLayout.replicate_layout 1137:Remove bounding box top:-33637500, bottom:-11237500, Left:482637500, Right:486087500
01-13 03:42:29 com_github_MitjaNemec_ReplicateLayout.replicate_layout 1137:Remove bounding box top:-33637500, bottom:-11237500, Left:479237500, Right:482687500
01-13 03:42:29 root 304:updating GUI with: 91
01-13 03:42:29 com_github_MitjaNemec_ReplicateLayout.replicate_layout 1137:Remove bounding box top:-33637500, bottom:-11237500, Left:475837500, Right:479287500
01-13 03:42:29 com_github_MitjaNemec_ReplicateLayout.replicate_layout 1137:Remove bounding box top:-33637500, bottom:-11237500, Left:465637500, Right:469087500
01-13 03:42:29 root 304:updating GUI with: 97
01-13 03:42:29 com_github_MitjaNemec_ReplicateLayout.replicate_layout 1137:Remove bounding box top:-33637500, bottom:-11237500, Left:462237500, Right:465687500
01-13 03:42:29 root 299:updating GUI message: 'Replicating tracks'
01-13 03:42:29 com_github_MitjaNemec_ReplicateLayout.replicate_layout 907:Replicating tracks
01-13 03:42:29 root 304:updating GUI with: 0
01-13 03:42:29 com_github_MitjaNemec_ReplicateLayout.replicate_layout 913:Replicating tracks on sheet ['_double_port_pwr1', '_single_channel_pwr_13']
01-13 03:42:29 com_github_MitjaNemec_ReplicateLayout.replicate_layout 721:Cannot pair src net: ['', '_double_port_pwr3', '2Blue'] and dst net: ['', '_double_port_pwr1', '2TBD'], with src_net_depth=3, dst_net_depth=3, src_fp_depth=2, dst_fp_depth=2
01-13 03:42:29 com_github_MitjaNemec_ReplicateLayout.replicate_layout 721:Cannot pair src net: ['', '_double_port_pwr3', '2Blue'] and dst net: ['', '_double_port_pwr1', '2TBD'], with src_net_depth=3, dst_net_depth=3, src_fp_depth=2, dst_fp_depth=2
01-13 03:42:29 com_github_MitjaNemec_ReplicateLayout.replicate_layout 721:Cannot pair src net: ['', '_double_port_pwr3', '2Blue'] and dst net: ['', '_double_port_pwr1', '2TBD'], with src_net_depth=3, dst_net_depth=3, src_fp_depth=2, dst_fp_depth=2
01-13 03:42:29 com_github_MitjaNemec_ReplicateLayout.replicate_layout 721:Cannot pair src net: ['', '_double_port_pwr3', '2Blue'] and dst net: ['', '_double_port_pwr1', '2TBD'], with src_net_depth=3, dst_net_depth=3, src_fp_depth=2, dst_fp_depth=2
01-13 03:42:29 com_github_MitjaNemec_ReplicateLayout.replicate_layout 737:Net pairs for sheet ['_double_port_pwr1', '_single_channel_pwr_13'] :[('+24V', '+24V'), ('/_double_port_pwr3/_single_channel_pwr_14/IN', '/_double_port_pwr1/_single_channel_pwr_13/IN'), ('GND', 'GND'), ('Net-(C3801-Pad1)', 'Net-(C1301-Pad1)')]
01-13 03:42:29 com_github_MitjaNemec_ReplicateLayout.replicate_layout 913:Replicating tracks on sheet ['_double_port_pwr1', '_single_channel_pwr_14']
01-13 03:42:29 com_github_MitjaNemec_ReplicateLayout.replicate_layout 737:Net pairs for sheet ['_double_port_pwr1', '_single_channel_pwr_14'] :[('+24V', '+24V'), ('/_double_port_pwr3/2Blue', '/_double_port_pwr1/2Blue'), ('GND', 'GND'), ('Net-(C3801-Pad1)', 'Net-(C1201-Pad1)'), ('/_double_port_pwr3/_single_channel_pwr_14/IN', '/_double_port_pwr1/_single_channel_pwr_14/IN')]
01-13 03:42:29 root 304:updating GUI with: 2
01-13 03:42:29 com_github_MitjaNemec_ReplicateLayout.replicate_layout 913:Replicating tracks on sheet ['_double_port_pwr1', '_single_channel_pwr_15']
01-13 03:42:29 com_github_MitjaNemec_ReplicateLayout.replicate_layout 721:Cannot pair src net: ['', '_double_port_pwr3', '2Blue'] and dst net: ['', '_double_port_pwr1', '2White2'], with src_net_depth=3, dst_net_depth=3, src_fp_depth=2, dst_fp_depth=2
01-13 03:42:29 com_github_MitjaNemec_ReplicateLayout.replicate_layout 721:Cannot pair src net: ['', '_double_port_pwr3', '2Blue'] and dst net: ['', '_double_port_pwr1', '2White2'], with src_net_depth=3, dst_net_depth=3, src_fp_depth=2, dst_fp_depth=2
01-13 03:42:29 com_github_MitjaNemec_ReplicateLayout.replicate_layout 721:Cannot pair src net: ['', '_double_port_pwr3', '2Blue'] and dst net: ['', '_double_port_pwr1', '2White2'], with src_net_depth=3, dst_net_depth=3, src_fp_depth=2, dst_fp_depth=2
01-13 03:42:29 com_github_MitjaNemec_ReplicateLayout.replicate_layout 721:Cannot pair src net: ['', '_double_port_pwr3', '2Blue'] and dst net: ['', '_double_port_pwr1', '2White2'], with src_net_depth=3, dst_net_depth=3, src_fp_depth=2, dst_fp_depth=2
01-13 03:42:29 com_github_MitjaNemec_ReplicateLayout.replicate_layout 737:Net pairs for sheet ['_double_port_pwr1', '_single_channel_pwr_15'] :[('+24V', '+24V'), ('GND', 'GND'), ('Net-(C3801-Pad1)', 'Net-(C1401-Pad1)'), ('/_double_port_pwr3/_single_channel_pwr_14/IN', '/_double_port_pwr1/_single_channel_pwr_15/IN')]
01-13 03:42:29 com_github_MitjaNemec_ReplicateLayout.replicate_layout 913:Replicating tracks on sheet ['_double_port_pwr1', '_single_channel_pwr_16']
01-13 03:42:29 com_github_MitjaNemec_ReplicateLayout.replicate_layout 721:Cannot pair src net: ['', '_double_port_pwr3', '2Blue'] and dst net: ['', '_double_port_pwr1', '1white1'], with src_net_depth=3, dst_net_depth=3, src_fp_depth=2, dst_fp_depth=2
01-13 03:42:29 com_github_MitjaNemec_ReplicateLayout.replicate_layout 721:Cannot pair src net: ['', '_double_port_pwr3', '2Blue'] and dst net: ['', '_double_port_pwr1', '1white1'], with src_net_depth=3, dst_net_depth=3, src_fp_depth=2, dst_fp_depth=2
01-13 03:42:29 com_github_MitjaNemec_ReplicateLayout.replicate_layout 721:Cannot pair src net: ['', '_double_port_pwr3', '2Blue'] and dst net: ['', '_double_port_pwr1', '1white1'], with src_net_depth=3, dst_net_depth=3, src_fp_depth=2, dst_fp_depth=2
01-13 03:42:29 com_github_MitjaNemec_ReplicateLayout.replicate_layout 721:Cannot pair src net: ['', '_double_port_pwr3', '2Blue'] and dst net: ['', '_double_port_pwr1', '1white1'], with src_net_depth=3, dst_net_depth=3, src_fp_depth=2, dst_fp_depth=2
01-13 03:42:29 com_github_MitjaNemec_ReplicateLayout.replicate_layout 737:Net pairs for sheet ['_double_port_pwr1', '_single_channel_pwr_16'] :[('+24V', '+24V'), ('/_double_port_pwr3/_single_channel_pwr_14/IN', '/_double_port_pwr1/_single_channel_pwr_16/IN'), ('GND', 'GND'), ('Net-(C3801-Pad1)', 'Net-(C301-Pad1)')]
01-13 03:42:29 root 304:updating GUI with: 8
01-13 03:42:29 com_github_MitjaNemec_ReplicateLayout.replicate_layout 913:Replicating tracks on sheet ['_double_port_pwr1', '_single_channel_pwr_17']
01-13 03:42:29 com_github_MitjaNemec_ReplicateLayout.replicate_layout 721:Cannot pair src net: ['', '_double_port_pwr3', '2Blue'] and dst net: ['', '_double_port_pwr1', '1Red'], with src_net_depth=3, dst_net_depth=3, src_fp_depth=2, dst_fp_depth=2
01-13 03:42:29 com_github_MitjaNemec_ReplicateLayout.replicate_layout 721:Cannot pair src net: ['', '_double_port_pwr3', '2Blue'] and dst net: ['', '_double_port_pwr1', '1Red'], with src_net_depth=3, dst_net_depth=3, src_fp_depth=2, dst_fp_depth=2
01-13 03:42:29 com_github_MitjaNemec_ReplicateLayout.replicate_layout 721:Cannot pair src net: ['', '_double_port_pwr3', '2Blue'] and dst net: ['', '_double_port_pwr1', '1Red'], with src_net_depth=3, dst_net_depth=3, src_fp_depth=2, dst_fp_depth=2
01-13 03:42:29 com_github_MitjaNemec_ReplicateLayout.replicate_layout 721:Cannot pair src net: ['', '_double_port_pwr3', '2Blue'] and dst net: ['', '_double_port_pwr1', '1Red'], with src_net_depth=3, dst_net_depth=3, src_fp_depth=2, dst_fp_depth=2
01-13 03:42:29 com_github_MitjaNemec_ReplicateLayout.replicate_layout 737:Net pairs for sheet ['_double_port_pwr1', '_single_channel_pwr_17'] :[('+24V', '+24V'), ('Net-(C3801-Pad1)', 'Net-(C401-Pad1)'), ('GND', 'GND'), ('/_double_port_pwr3/_single_channel_pwr_14/IN', '/_double_port_pwr1/_single_channel_pwr_17/IN')]
01-13 03:42:29 com_github_MitjaNemec_ReplicateLayout.replicate_layout 913:Replicating tracks on sheet ['_double_port_pwr1', '_single_channel_pwr_18']
01-13 03:42:29 com_github_MitjaNemec_ReplicateLayout.replicate_layout 721:Cannot pair src net: ['', '_double_port_pwr3', '2Blue'] and dst net: ['', '_double_port_pwr1', '1TBD'], with src_net_depth=3, dst_net_depth=3, src_fp_depth=2, dst_fp_depth=2
01-13 03:42:29 com_github_MitjaNemec_ReplicateLayout.replicate_layout 721:Cannot pair src net: ['', '_double_port_pwr3', '2Blue'] and dst net: ['', '_double_port_pwr1', '1TBD'], with src_net_depth=3, dst_net_depth=3, src_fp_depth=2, dst_fp_depth=2
01-13 03:42:29 com_github_MitjaNemec_ReplicateLayout.replicate_layout 721:Cannot pair src net: ['', '_double_port_pwr3', '2Blue'] and dst net: ['', '_double_port_pwr1', '1TBD'], with src_net_depth=3, dst_net_depth=3, src_fp_depth=2, dst_fp_depth=2
01-13 03:42:29 com_github_MitjaNemec_ReplicateLayout.replicate_layout 721:Cannot pair src net: ['', '_double_port_pwr3', '2Blue'] and dst net: ['', '_double_port_pwr1', '1TBD'], with src_net_depth=3, dst_net_depth=3, src_fp_depth=2, dst_fp_depth=2
01-13 03:42:29 com_github_MitjaNemec_ReplicateLayout.replicate_layout 737:Net pairs for sheet ['_double_port_pwr1', '_single_channel_pwr_18'] :[('+24V', '+24V'), ('Net-(C3801-Pad1)', 'Net-(C701-Pad1)'), ('GND', 'GND'), ('/_double_port_pwr3/_single_channel_pwr_14/IN', '/_double_port_pwr1/_single_channel_pwr_18/IN')]
01-13 03:42:29 root 304:updating GUI with: 14
01-13 03:42:29 com_github_MitjaNemec_ReplicateLayout.replicate_layout 913:Replicating tracks on sheet ['_double_port_pwr1', '_single_channel_pwr_19']
01-13 03:42:29 com_github_MitjaNemec_ReplicateLayout.replicate_layout 721:Cannot pair src net: ['', '_double_port_pwr3', '2Blue'] and dst net: ['', '_double_port_pwr1', '2white1'], with src_net_depth=3, dst_net_depth=3, src_fp_depth=2, dst_fp_depth=2
01-13 03:42:29 com_github_MitjaNemec_ReplicateLayout.replicate_layout 721:Cannot pair src net: ['', '_double_port_pwr3', '2Blue'] and dst net: ['', '_double_port_pwr1', '2white1'], with src_net_depth=3, dst_net_depth=3, src_fp_depth=2, dst_fp_depth=2
01-13 03:42:29 com_github_MitjaNemec_ReplicateLayout.replicate_layout 721:Cannot pair src net: ['', '_double_port_pwr3', '2Blue'] and dst net: ['', '_double_port_pwr1', '2white1'], with src_net_depth=3, dst_net_depth=3, src_fp_depth=2, dst_fp_depth=2
01-13 03:42:29 com_github_MitjaNemec_ReplicateLayout.replicate_layout 721:Cannot pair src net: ['', '_double_port_pwr3', '2Blue'] and dst net: ['', '_double_port_pwr1', '2white1'], with src_net_depth=3, dst_net_depth=3, src_fp_depth=2, dst_fp_depth=2
01-13 03:42:29 com_github_MitjaNemec_ReplicateLayout.replicate_layout 737:Net pairs for sheet ['_double_port_pwr1', '_single_channel_pwr_19'] :[('+24V', '+24V'), ('/_double_port_pwr3/_single_channel_pwr_14/IN', '/_double_port_pwr1/_single_channel_pwr_19/IN'), ('GND', 'GND'), ('Net-(C3801-Pad1)', 'Net-(C901-Pad1)')]
01-13 03:42:29 com_github_MitjaNemec_ReplicateLayout.replicate_layout 913:Replicating tracks on sheet ['_double_port_pwr1', '_single_channel_pwr_20']
01-13 03:42:29 com_github_MitjaNemec_ReplicateLayout.replicate_layout 721:Cannot pair src net: ['', '_double_port_pwr3', '2Blue'] and dst net: ['', '_double_port_pwr1', '1Green'], with src_net_depth=3, dst_net_depth=3, src_fp_depth=2, dst_fp_depth=2
01-13 03:42:29 com_github_MitjaNemec_ReplicateLayout.replicate_layout 721:Cannot pair src net: ['', '_double_port_pwr3', '2Blue'] and dst net: ['', '_double_port_pwr1', '1Green'], with src_net_depth=3, dst_net_depth=3, src_fp_depth=2, dst_fp_depth=2
01-13 03:42:29 com_github_MitjaNemec_ReplicateLayout.replicate_layout 721:Cannot pair src net: ['', '_double_port_pwr3', '2Blue'] and dst net: ['', '_double_port_pwr1', '1Green'], with src_net_depth=3, dst_net_depth=3, src_fp_depth=2, dst_fp_depth=2
01-13 03:42:29 com_github_MitjaNemec_ReplicateLayout.replicate_layout 721:Cannot pair src net: ['', '_double_port_pwr3', '2Blue'] and dst net: ['', '_double_port_pwr1', '1Green'], with src_net_depth=3, dst_net_depth=3, src_fp_depth=2, dst_fp_depth=2
01-13 03:42:29 com_github_MitjaNemec_ReplicateLayout.replicate_layout 737:Net pairs for sheet ['_double_port_pwr1', '_single_channel_pwr_20'] :[('Net-(C3801-Pad1)', 'Net-(C501-Pad1)'), ('/_double_port_pwr3/_single_channel_pwr_14/IN', '/_double_port_pwr1/_single_channel_pwr_20/IN'), ('GND', 'GND'), ('+24V', '+24V')]
01-13 03:42:29 com_github_MitjaNemec_ReplicateLayout.replicate_layout 913:Replicating tracks on sheet ['_double_port_pwr1', '_single_channel_pwr_21']
01-13 03:42:29 com_github_MitjaNemec_ReplicateLayout.replicate_layout 721:Cannot pair src net: ['', '_double_port_pwr3', '2Blue'] and dst net: ['', '_double_port_pwr1', '1Blue'], with src_net_depth=3, dst_net_depth=3, src_fp_depth=2, dst_fp_depth=2
01-13 03:42:29 com_github_MitjaNemec_ReplicateLayout.replicate_layout 721:Cannot pair src net: ['', '_double_port_pwr3', '2Blue'] and dst net: ['', '_double_port_pwr1', '1Blue'], with src_net_depth=3, dst_net_depth=3, src_fp_depth=2, dst_fp_depth=2
01-13 03:42:29 com_github_MitjaNemec_ReplicateLayout.replicate_layout 721:Cannot pair src net: ['', '_double_port_pwr3', '2Blue'] and dst net: ['', '_double_port_pwr1', '1Blue'], with src_net_depth=3, dst_net_depth=3, src_fp_depth=2, dst_fp_depth=2
01-13 03:42:29 com_github_MitjaNemec_ReplicateLayout.replicate_layout 721:Cannot pair src net: ['', '_double_port_pwr3', '2Blue'] and dst net: ['', '_double_port_pwr1', '1Blue'], with src_net_depth=3, dst_net_depth=3, src_fp_depth=2, dst_fp_depth=2
01-13 03:42:29 com_github_MitjaNemec_ReplicateLayout.replicate_layout 737:Net pairs for sheet ['_double_port_pwr1', '_single_channel_pwr_21'] :[('+24V', '+24V'), ('Net-(C3801-Pad1)', 'Net-(C601-Pad1)'), ('/_double_port_pwr3/_single_channel_pwr_14/IN', '/_double_port_pwr1/_single_channel_pwr_21/IN'), ('GND', 'GND')]
01-13 03:42:29 root 304:updating GUI with: 25
01-13 03:42:29 com_github_MitjaNemec_ReplicateLayout.replicate_layout 913:Replicating tracks on sheet ['_double_port_pwr1', '_single_channel_pwr_22']
01-13 03:42:29 com_github_MitjaNemec_ReplicateLayout.replicate_layout 721:Cannot pair src net: ['', '_double_port_pwr3', '2Blue'] and dst net: ['', '_double_port_pwr1', '1White2'], with src_net_depth=3, dst_net_depth=3, src_fp_depth=2, dst_fp_depth=2
01-13 03:42:29 com_github_MitjaNemec_ReplicateLayout.replicate_layout 721:Cannot pair src net: ['', '_double_port_pwr3', '2Blue'] and dst net: ['', '_double_port_pwr1', '1White2'], with src_net_depth=3, dst_net_depth=3, src_fp_depth=2, dst_fp_depth=2
01-13 03:42:29 com_github_MitjaNemec_ReplicateLayout.replicate_layout 721:Cannot pair src net: ['', '_double_port_pwr3', '2Blue'] and dst net: ['', '_double_port_pwr1', '1White2'], with src_net_depth=3, dst_net_depth=3, src_fp_depth=2, dst_fp_depth=2
01-13 03:42:29 com_github_MitjaNemec_ReplicateLayout.replicate_layout 721:Cannot pair src net: ['', '_double_port_pwr3', '2Blue'] and dst net: ['', '_double_port_pwr1', '1White2'], with src_net_depth=3, dst_net_depth=3, src_fp_depth=2, dst_fp_depth=2
01-13 03:42:29 com_github_MitjaNemec_ReplicateLayout.replicate_layout 737:Net pairs for sheet ['_double_port_pwr1', '_single_channel_pwr_22'] :[('+24V', '+24V'), ('Net-(C3801-Pad1)', 'Net-(C801-Pad1)'), ('GND', 'GND'), ('/_double_port_pwr3/_single_channel_pwr_14/IN', '/_double_port_pwr1/_single_channel_pwr_22/IN')]
01-13 03:42:29 com_github_MitjaNemec_ReplicateLayout.replicate_layout 913:Replicating tracks on sheet ['_double_port_pwr1', '_single_channel_pwr_23']
01-13 03:42:29 com_github_MitjaNemec_ReplicateLayout.replicate_layout 721:Cannot pair src net: ['', '_double_port_pwr3', '2Blue'] and dst net: ['', '_double_port_pwr1', '2Red'], with src_net_depth=3, dst_net_depth=3, src_fp_depth=2, dst_fp_depth=2
01-13 03:42:29 com_github_MitjaNemec_ReplicateLayout.replicate_layout 721:Cannot pair src net: ['', '_double_port_pwr3', '2Blue'] and dst net: ['', '_double_port_pwr1', '2Red'], with src_net_depth=3, dst_net_depth=3, src_fp_depth=2, dst_fp_depth=2
01-13 03:42:29 com_github_MitjaNemec_ReplicateLayout.replicate_layout 721:Cannot pair src net: ['', '_double_port_pwr3', '2Blue'] and dst net: ['', '_double_port_pwr1', '2Red'], with src_net_depth=3, dst_net_depth=3, src_fp_depth=2, dst_fp_depth=2
01-13 03:42:29 com_github_MitjaNemec_ReplicateLayout.replicate_layout 721:Cannot pair src net: ['', '_double_port_pwr3', '2Blue'] and dst net: ['', '_double_port_pwr1', '2Red'], with src_net_depth=3, dst_net_depth=3, src_fp_depth=2, dst_fp_depth=2
01-13 03:42:29 com_github_MitjaNemec_ReplicateLayout.replicate_layout 737:Net pairs for sheet ['_double_port_pwr1', '_single_channel_pwr_23'] :[('+24V', '+24V'), ('Net-(C3801-Pad1)', 'Net-(C1001-Pad1)'), ('GND', 'GND'), ('/_double_port_pwr3/_single_channel_pwr_14/IN', '/_double_port_pwr1/_single_channel_pwr_23/IN')]
01-13 03:42:29 com_github_MitjaNemec_ReplicateLayout.replicate_layout 913:Replicating tracks on sheet ['_double_port_pwr1', '_single_channel_pwr_24']
01-13 03:42:29 com_github_MitjaNemec_ReplicateLayout.replicate_layout 721:Cannot pair src net: ['', '_double_port_pwr3', '2Blue'] and dst net: ['', '_double_port_pwr1', '2Green'], with src_net_depth=3, dst_net_depth=3, src_fp_depth=2, dst_fp_depth=2
01-13 03:42:29 com_github_MitjaNemec_ReplicateLayout.replicate_layout 721:Cannot pair src net: ['', '_double_port_pwr3', '2Blue'] and dst net: ['', '_double_port_pwr1', '2Green'], with src_net_depth=3, dst_net_depth=3, src_fp_depth=2, dst_fp_depth=2
01-13 03:42:29 com_github_MitjaNemec_ReplicateLayout.replicate_layout 721:Cannot pair src net: ['', '_double_port_pwr3', '2Blue'] and dst net: ['', '_double_port_pwr1', '2Green'], with src_net_depth=3, dst_net_depth=3, src_fp_depth=2, dst_fp_depth=2
01-13 03:42:29 com_github_MitjaNemec_ReplicateLayout.replicate_layout 721:Cannot pair src net: ['', '_double_port_pwr3', '2Blue'] and dst net: ['', '_double_port_pwr1', '2Green'], with src_net_depth=3, dst_net_depth=3, src_fp_depth=2, dst_fp_depth=2
01-13 03:42:29 com_github_MitjaNemec_ReplicateLayout.replicate_layout 737:Net pairs for sheet ['_double_port_pwr1', '_single_channel_pwr_24'] :[('+24V', '+24V'), ('Net-(C3801-Pad1)', 'Net-(C1101-Pad1)'), ('GND', 'GND'), ('/_double_port_pwr3/_single_channel_pwr_14/IN', '/_double_port_pwr1/_single_channel_pwr_24/IN')]
01-13 03:42:29 com_github_MitjaNemec_ReplicateLayout.replicate_layout 913:Replicating tracks on sheet ['_double_port_pwr2', '_single_channel_pwr_13']
01-13 03:42:29 com_github_MitjaNemec_ReplicateLayout.replicate_layout 721:Cannot pair src net: ['', '_double_port_pwr3', '2Blue'] and dst net: ['', '_double_port_pwr2', '2TBD'], with src_net_depth=3, dst_net_depth=3, src_fp_depth=2, dst_fp_depth=2
01-13 03:42:29 com_github_MitjaNemec_ReplicateLayout.replicate_layout 721:Cannot pair src net: ['', '_double_port_pwr3', '2Blue'] and dst net: ['', '_double_port_pwr2', '2TBD'], with src_net_depth=3, dst_net_depth=3, src_fp_depth=2, dst_fp_depth=2
01-13 03:42:29 com_github_MitjaNemec_ReplicateLayout.replicate_layout 721:Cannot pair src net: ['', '_double_port_pwr3', '2Blue'] and dst net: ['', '_double_port_pwr2', '2TBD'], with src_net_depth=3, dst_net_depth=3, src_fp_depth=2, dst_fp_depth=2
01-13 03:42:29 com_github_MitjaNemec_ReplicateLayout.replicate_layout 721:Cannot pair src net: ['', '_double_port_pwr3', '2Blue'] and dst net: ['', '_double_port_pwr2', '2TBD'], with src_net_depth=3, dst_net_depth=3, src_fp_depth=2, dst_fp_depth=2
01-13 03:42:29 com_github_MitjaNemec_ReplicateLayout.replicate_layout 737:Net pairs for sheet ['_double_port_pwr2', '_single_channel_pwr_13'] :[('+24V', '+24V'), ('Net-(C3801-Pad1)', 'Net-(C2601-Pad1)'), ('GND', 'GND'), ('/_double_port_pwr3/_single_channel_pwr_14/IN', '/_double_port_pwr2/_single_channel_pwr_13/IN')]
01-13 03:42:29 root 304:updating GUI with: 34
01-13 03:42:29 com_github_MitjaNemec_ReplicateLayout.replicate_layout 913:Replicating tracks on sheet ['_double_port_pwr2', '_single_channel_pwr_14']
01-13 03:42:29 com_github_MitjaNemec_ReplicateLayout.replicate_layout 737:Net pairs for sheet ['_double_port_pwr2', '_single_channel_pwr_14'] :[('+24V', '+24V'), ('/_double_port_pwr3/_single_channel_pwr_14/IN', '/_double_port_pwr2/_single_channel_pwr_14/IN'), ('/_double_port_pwr3/2Blue', '/_double_port_pwr2/2Blue'), ('GND', 'GND'), ('Net-(C3801-Pad1)', 'Net-(C2501-Pad1)')]
01-13 03:42:29 com_github_MitjaNemec_ReplicateLayout.replicate_layout 913:Replicating tracks on sheet ['_double_port_pwr2', '_single_channel_pwr_15']
01-13 03:42:29 com_github_MitjaNemec_ReplicateLayout.replicate_layout 721:Cannot pair src net: ['', '_double_port_pwr3', '2Blue'] and dst net: ['', '_double_port_pwr2', '2White2'], with src_net_depth=3, dst_net_depth=3, src_fp_depth=2, dst_fp_depth=2
01-13 03:42:29 com_github_MitjaNemec_ReplicateLayout.replicate_layout 721:Cannot pair src net: ['', '_double_port_pwr3', '2Blue'] and dst net: ['', '_double_port_pwr2', '2White2'], with src_net_depth=3, dst_net_depth=3, src_fp_depth=2, dst_fp_depth=2
01-13 03:42:29 com_github_MitjaNemec_ReplicateLayout.replicate_layout 721:Cannot pair src net: ['', '_double_port_pwr3', '2Blue'] and dst net: ['', '_double_port_pwr2', '2White2'], with src_net_depth=3, dst_net_depth=3, src_fp_depth=2, dst_fp_depth=2
01-13 03:42:29 com_github_MitjaNemec_ReplicateLayout.replicate_layout 721:Cannot pair src net: ['', '_double_port_pwr3', '2Blue'] and dst net: ['', '_double_port_pwr2', '2White2'], with src_net_depth=3, dst_net_depth=3, src_fp_depth=2, dst_fp_depth=2
01-13 03:42:29 com_github_MitjaNemec_ReplicateLayout.replicate_layout 737:Net pairs for sheet ['_double_port_pwr2', '_single_channel_pwr_15'] :[('+24V', '+24V'), ('/_double_port_pwr3/_single_channel_pwr_14/IN', '/_double_port_pwr2/_single_channel_pwr_15/IN'), ('GND', 'GND'), ('Net-(C3801-Pad1)', 'Net-(C2701-Pad1)')]
01-13 03:42:29 com_github_MitjaNemec_ReplicateLayout.replicate_layout 913:Replicating tracks on sheet ['_double_port_pwr2', '_single_channel_pwr_16']
01-13 03:42:29 com_github_MitjaNemec_ReplicateLayout.replicate_layout 721:Cannot pair src net: ['', '_double_port_pwr3', '2Blue'] and dst net: ['', '_double_port_pwr2', '1white1'], with src_net_depth=3, dst_net_depth=3, src_fp_depth=2, dst_fp_depth=2
01-13 03:42:29 com_github_MitjaNemec_ReplicateLayout.replicate_layout 721:Cannot pair src net: ['', '_double_port_pwr3', '2Blue'] and dst net: ['', '_double_port_pwr2', '1white1'], with src_net_depth=3, dst_net_depth=3, src_fp_depth=2, dst_fp_depth=2
01-13 03:42:29 com_github_MitjaNemec_ReplicateLayout.replicate_layout 721:Cannot pair src net: ['', '_double_port_pwr3', '2Blue'] and dst net: ['', '_double_port_pwr2', '1white1'], with src_net_depth=3, dst_net_depth=3, src_fp_depth=2, dst_fp_depth=2
01-13 03:42:29 com_github_MitjaNemec_ReplicateLayout.replicate_layout 721:Cannot pair src net: ['', '_double_port_pwr3', '2Blue'] and dst net: ['', '_double_port_pwr2', '1white1'], with src_net_depth=3, dst_net_depth=3, src_fp_depth=2, dst_fp_depth=2
01-13 03:42:29 com_github_MitjaNemec_ReplicateLayout.replicate_layout 737:Net pairs for sheet ['_double_port_pwr2', '_single_channel_pwr_16'] :[('+24V', '+24V'), ('GND', 'GND'), ('Net-(C3801-Pad1)', 'Net-(C1601-Pad1)'), ('/_double_port_pwr3/_single_channel_pwr_14/IN', '/_double_port_pwr2/_single_channel_pwr_16/IN')]
01-13 03:42:29 com_github_MitjaNemec_ReplicateLayout.replicate_layout 913:Replicating tracks on sheet ['_double_port_pwr2', '_single_channel_pwr_17']
01-13 03:42:29 com_github_MitjaNemec_ReplicateLayout.replicate_layout 721:Cannot pair src net: ['', '_double_port_pwr3', '2Blue'] and dst net: ['', '_double_port_pwr2', '1Red'], with src_net_depth=3, dst_net_depth=3, src_fp_depth=2, dst_fp_depth=2
01-13 03:42:29 com_github_MitjaNemec_ReplicateLayout.replicate_layout 721:Cannot pair src net: ['', '_double_port_pwr3', '2Blue'] and dst net: ['', '_double_port_pwr2', '1Red'], with src_net_depth=3, dst_net_depth=3, src_fp_depth=2, dst_fp_depth=2
01-13 03:42:29 com_github_MitjaNemec_ReplicateLayout.replicate_layout 721:Cannot pair src net: ['', '_double_port_pwr3', '2Blue'] and dst net: ['', '_double_port_pwr2', '1Red'], with src_net_depth=3, dst_net_depth=3, src_fp_depth=2, dst_fp_depth=2
01-13 03:42:29 com_github_MitjaNemec_ReplicateLayout.replicate_layout 721:Cannot pair src net: ['', '_double_port_pwr3', '2Blue'] and dst net: ['', '_double_port_pwr2', '1Red'], with src_net_depth=3, dst_net_depth=3, src_fp_depth=2, dst_fp_depth=2
01-13 03:42:29 com_github_MitjaNemec_ReplicateLayout.replicate_layout 737:Net pairs for sheet ['_double_port_pwr2', '_single_channel_pwr_17'] :[('+24V', '+24V'), ('/_double_port_pwr3/_single_channel_pwr_14/IN', '/_double_port_pwr2/_single_channel_pwr_17/IN'), ('GND', 'GND'), ('Net-(C3801-Pad1)', 'Net-(C1701-Pad1)')]
01-13 03:42:29 root 304:updating GUI with: 48
01-13 03:42:29 com_github_MitjaNemec_ReplicateLayout.replicate_layout 913:Replicating tracks on sheet ['_double_port_pwr2', '_single_channel_pwr_18']
01-13 03:42:29 com_github_MitjaNemec_ReplicateLayout.replicate_layout 721:Cannot pair src net: ['', '_double_port_pwr3', '2Blue'] and dst net: ['', '_double_port_pwr2', '1TBD'], with src_net_depth=3, dst_net_depth=3, src_fp_depth=2, dst_fp_depth=2
01-13 03:42:29 com_github_MitjaNemec_ReplicateLayout.replicate_layout 721:Cannot pair src net: ['', '_double_port_pwr3', '2Blue'] and dst net: ['', '_double_port_pwr2', '1TBD'], with src_net_depth=3, dst_net_depth=3, src_fp_depth=2, dst_fp_depth=2
01-13 03:42:29 com_github_MitjaNemec_ReplicateLayout.replicate_layout 721:Cannot pair src net: ['', '_double_port_pwr3', '2Blue'] and dst net: ['', '_double_port_pwr2', '1TBD'], with src_net_depth=3, dst_net_depth=3, src_fp_depth=2, dst_fp_depth=2
01-13 03:42:29 com_github_MitjaNemec_ReplicateLayout.replicate_layout 721:Cannot pair src net: ['', '_double_port_pwr3', '2Blue'] and dst net: ['', '_double_port_pwr2', '1TBD'], with src_net_depth=3, dst_net_depth=3, src_fp_depth=2, dst_fp_depth=2
01-13 03:42:29 com_github_MitjaNemec_ReplicateLayout.replicate_layout 737:Net pairs for sheet ['_double_port_pwr2', '_single_channel_pwr_18'] :[('+24V', '+24V'), ('/_double_port_pwr3/_single_channel_pwr_14/IN', '/_double_port_pwr2/_single_channel_pwr_18/IN'), ('Net-(C3801-Pad1)', 'Net-(C2001-Pad1)'), ('GND', 'GND')]
01-13 03:42:29 com_github_MitjaNemec_ReplicateLayout.replicate_layout 913:Replicating tracks on sheet ['_double_port_pwr2', '_single_channel_pwr_19']
01-13 03:42:29 com_github_MitjaNemec_ReplicateLayout.replicate_layout 721:Cannot pair src net: ['', '_double_port_pwr3', '2Blue'] and dst net: ['', '_double_port_pwr2', '2white1'], with src_net_depth=3, dst_net_depth=3, src_fp_depth=2, dst_fp_depth=2
01-13 03:42:29 com_github_MitjaNemec_ReplicateLayout.replicate_layout 721:Cannot pair src net: ['', '_double_port_pwr3', '2Blue'] and dst net: ['', '_double_port_pwr2', '2white1'], with src_net_depth=3, dst_net_depth=3, src_fp_depth=2, dst_fp_depth=2
01-13 03:42:29 com_github_MitjaNemec_ReplicateLayout.replicate_layout 721:Cannot pair src net: ['', '_double_port_pwr3', '2Blue'] and dst net: ['', '_double_port_pwr2', '2white1'], with src_net_depth=3, dst_net_depth=3, src_fp_depth=2, dst_fp_depth=2
01-13 03:42:29 com_github_MitjaNemec_ReplicateLayout.replicate_layout 721:Cannot pair src net: ['', '_double_port_pwr3', '2Blue'] and dst net: ['', '_double_port_pwr2', '2white1'], with src_net_depth=3, dst_net_depth=3, src_fp_depth=2, dst_fp_depth=2
01-13 03:42:29 com_github_MitjaNemec_ReplicateLayout.replicate_layout 737:Net pairs for sheet ['_double_port_pwr2', '_single_channel_pwr_19'] :[('+24V', '+24V'), ('Net-(C3801-Pad1)', 'Net-(C2201-Pad1)'), ('GND', 'GND'), ('/_double_port_pwr3/_single_channel_pwr_14/IN', '/_double_port_pwr2/_single_channel_pwr_19/IN')]
01-13 03:42:29 com_github_MitjaNemec_ReplicateLayout.replicate_layout 913:Replicating tracks on sheet ['_double_port_pwr2', '_single_channel_pwr_20']
01-13 03:42:29 com_github_MitjaNemec_ReplicateLayout.replicate_layout 721:Cannot pair src net: ['', '_double_port_pwr3', '2Blue'] and dst net: ['', '_double_port_pwr2', '1Green'], with src_net_depth=3, dst_net_depth=3, src_fp_depth=2, dst_fp_depth=2
01-13 03:42:29 com_github_MitjaNemec_ReplicateLayout.replicate_layout 721:Cannot pair src net: ['', '_double_port_pwr3', '2Blue'] and dst net: ['', '_double_port_pwr2', '1Green'], with src_net_depth=3, dst_net_depth=3, src_fp_depth=2, dst_fp_depth=2
01-13 03:42:29 com_github_MitjaNemec_ReplicateLayout.replicate_layout 721:Cannot pair src net: ['', '_double_port_pwr3', '2Blue'] and dst net: ['', '_double_port_pwr2', '1Green'], with src_net_depth=3, dst_net_depth=3, src_fp_depth=2, dst_fp_depth=2
01-13 03:42:29 com_github_MitjaNemec_ReplicateLayout.replicate_layout 721:Cannot pair src net: ['', '_double_port_pwr3', '2Blue'] and dst net: ['', '_double_port_pwr2', '1Green'], with src_net_depth=3, dst_net_depth=3, src_fp_depth=2, dst_fp_depth=2
01-13 03:42:29 com_github_MitjaNemec_ReplicateLayout.replicate_layout 737:Net pairs for sheet ['_double_port_pwr2', '_single_channel_pwr_20'] :[('+24V', '+24V'), ('GND', 'GND'), ('Net-(C3801-Pad1)', 'Net-(C1801-Pad1)'), ('/_double_port_pwr3/_single_channel_pwr_14/IN', '/_double_port_pwr2/_single_channel_pwr_20/IN')]
01-13 03:42:29 com_github_MitjaNemec_ReplicateLayout.replicate_layout 913:Replicating tracks on sheet ['_double_port_pwr2', '_single_channel_pwr_21']
01-13 03:42:29 com_github_MitjaNemec_ReplicateLayout.replicate_layout 721:Cannot pair src net: ['', '_double_port_pwr3', '2Blue'] and dst net: ['', '_double_port_pwr2', '1Blue'], with src_net_depth=3, dst_net_depth=3, src_fp_depth=2, dst_fp_depth=2
01-13 03:42:29 com_github_MitjaNemec_ReplicateLayout.replicate_layout 721:Cannot pair src net: ['', '_double_port_pwr3', '2Blue'] and dst net: ['', '_double_port_pwr2', '1Blue'], with src_net_depth=3, dst_net_depth=3, src_fp_depth=2, dst_fp_depth=2
01-13 03:42:29 com_github_MitjaNemec_ReplicateLayout.replicate_layout 721:Cannot pair src net: ['', '_double_port_pwr3', '2Blue'] and dst net: ['', '_double_port_pwr2', '1Blue'], with src_net_depth=3, dst_net_depth=3, src_fp_depth=2, dst_fp_depth=2
01-13 03:42:29 com_github_MitjaNemec_ReplicateLayout.replicate_layout 721:Cannot pair src net: ['', '_double_port_pwr3', '2Blue'] and dst net: ['', '_double_port_pwr2', '1Blue'], with src_net_depth=3, dst_net_depth=3, src_fp_depth=2, dst_fp_depth=2
01-13 03:42:29 com_github_MitjaNemec_ReplicateLayout.replicate_layout 737:Net pairs for sheet ['_double_port_pwr2', '_single_channel_pwr_21'] :[('+24V', '+24V'), ('Net-(C3801-Pad1)', 'Net-(C1901-Pad1)'), ('/_double_port_pwr3/_single_channel_pwr_14/IN', '/_double_port_pwr2/_single_channel_pwr_21/IN'), ('GND', 'GND')]
01-13 03:42:29 root 304:updating GUI with: 59
01-13 03:42:29 com_github_MitjaNemec_ReplicateLayout.replicate_layout 913:Replicating tracks on sheet ['_double_port_pwr2', '_single_channel_pwr_22']
01-13 03:42:29 com_github_MitjaNemec_ReplicateLayout.replicate_layout 721:Cannot pair src net: ['', '_double_port_pwr3', '2Blue'] and dst net: ['', '_double_port_pwr2', '1White2'], with src_net_depth=3, dst_net_depth=3, src_fp_depth=2, dst_fp_depth=2
01-13 03:42:29 com_github_MitjaNemec_ReplicateLayout.replicate_layout 721:Cannot pair src net: ['', '_double_port_pwr3', '2Blue'] and dst net: ['', '_double_port_pwr2', '1White2'], with src_net_depth=3, dst_net_depth=3, src_fp_depth=2, dst_fp_depth=2
01-13 03:42:29 com_github_MitjaNemec_ReplicateLayout.replicate_layout 721:Cannot pair src net: ['', '_double_port_pwr3', '2Blue'] and dst net: ['', '_double_port_pwr2', '1White2'], with src_net_depth=3, dst_net_depth=3, src_fp_depth=2, dst_fp_depth=2
01-13 03:42:29 com_github_MitjaNemec_ReplicateLayout.replicate_layout 721:Cannot pair src net: ['', '_double_port_pwr3', '2Blue'] and dst net: ['', '_double_port_pwr2', '1White2'], with src_net_depth=3, dst_net_depth=3, src_fp_depth=2, dst_fp_depth=2
01-13 03:42:29 com_github_MitjaNemec_ReplicateLayout.replicate_layout 737:Net pairs for sheet ['_double_port_pwr2', '_single_channel_pwr_22'] :[('+24V', '+24V'), ('Net-(C3801-Pad1)', 'Net-(C2101-Pad1)'), ('/_double_port_pwr3/_single_channel_pwr_14/IN', '/_double_port_pwr2/_single_channel_pwr_22/IN'), ('GND', 'GND')]
01-13 03:42:29 com_github_MitjaNemec_ReplicateLayout.replicate_layout 913:Replicating tracks on sheet ['_double_port_pwr2', '_single_channel_pwr_23']
01-13 03:42:29 com_github_MitjaNemec_ReplicateLayout.replicate_layout 721:Cannot pair src net: ['', '_double_port_pwr3', '2Blue'] and dst net: ['', '_double_port_pwr2', '2Red'], with src_net_depth=3, dst_net_depth=3, src_fp_depth=2, dst_fp_depth=2
01-13 03:42:29 com_github_MitjaNemec_ReplicateLayout.replicate_layout 721:Cannot pair src net: ['', '_double_port_pwr3', '2Blue'] and dst net: ['', '_double_port_pwr2', '2Red'], with src_net_depth=3, dst_net_depth=3, src_fp_depth=2, dst_fp_depth=2
01-13 03:42:29 com_github_MitjaNemec_ReplicateLayout.replicate_layout 721:Cannot pair src net: ['', '_double_port_pwr3', '2Blue'] and dst net: ['', '_double_port_pwr2', '2Red'], with src_net_depth=3, dst_net_depth=3, src_fp_depth=2, dst_fp_depth=2
01-13 03:42:29 com_github_MitjaNemec_ReplicateLayout.replicate_layout 721:Cannot pair src net: ['', '_double_port_pwr3', '2Blue'] and dst net: ['', '_double_port_pwr2', '2Red'], with src_net_depth=3, dst_net_depth=3, src_fp_depth=2, dst_fp_depth=2
01-13 03:42:29 com_github_MitjaNemec_ReplicateLayout.replicate_layout 737:Net pairs for sheet ['_double_port_pwr2', '_single_channel_pwr_23'] :[('+24V', '+24V'), ('/_double_port_pwr3/_single_channel_pwr_14/IN', '/_double_port_pwr2/_single_channel_pwr_23/IN'), ('Net-(C3801-Pad1)', 'Net-(C2301-Pad1)'), ('GND', 'GND')]
01-13 03:42:29 com_github_MitjaNemec_ReplicateLayout.replicate_layout 913:Replicating tracks on sheet ['_double_port_pwr2', '_single_channel_pwr_24']
01-13 03:42:29 com_github_MitjaNemec_ReplicateLayout.replicate_layout 721:Cannot pair src net: ['', '_double_port_pwr3', '2Blue'] and dst net: ['', '_double_port_pwr2', '2Green'], with src_net_depth=3, dst_net_depth=3, src_fp_depth=2, dst_fp_depth=2
01-13 03:42:29 com_github_MitjaNemec_ReplicateLayout.replicate_layout 721:Cannot pair src net: ['', '_double_port_pwr3', '2Blue'] and dst net: ['', '_double_port_pwr2', '2Green'], with src_net_depth=3, dst_net_depth=3, src_fp_depth=2, dst_fp_depth=2
01-13 03:42:29 com_github_MitjaNemec_ReplicateLayout.replicate_layout 721:Cannot pair src net: ['', '_double_port_pwr3', '2Blue'] and dst net: ['', '_double_port_pwr2', '2Green'], with src_net_depth=3, dst_net_depth=3, src_fp_depth=2, dst_fp_depth=2
01-13 03:42:29 com_github_MitjaNemec_ReplicateLayout.replicate_layout 721:Cannot pair src net: ['', '_double_port_pwr3', '2Blue'] and dst net: ['', '_double_port_pwr2', '2Green'], with src_net_depth=3, dst_net_depth=3, src_fp_depth=2, dst_fp_depth=2
01-13 03:42:29 com_github_MitjaNemec_ReplicateLayout.replicate_layout 737:Net pairs for sheet ['_double_port_pwr2', '_single_channel_pwr_24'] :[('+24V', '+24V'), ('/_double_port_pwr3/_single_channel_pwr_14/IN', '/_double_port_pwr2/_single_channel_pwr_24/IN'), ('GND', 'GND'), ('Net-(C3801-Pad1)', 'Net-(C2401-Pad1)')]
01-13 03:42:29 com_github_MitjaNemec_ReplicateLayout.replicate_layout 913:Replicating tracks on sheet ['_double_port_pwr3', '_single_channel_pwr_13']
01-13 03:42:29 com_github_MitjaNemec_ReplicateLayout.replicate_layout 737:Net pairs for sheet ['_double_port_pwr3', '_single_channel_pwr_13'] :[('+24V', '+24V'), ('Net-(C3801-Pad1)', 'Net-(C3901-Pad1)'), ('GND', 'GND'), ('/_double_port_pwr3/2Blue', '/_double_port_pwr3/2TBD'), ('/_double_port_pwr3/_single_channel_pwr_14/IN', '/_double_port_pwr3/_single_channel_pwr_13/IN')]
01-13 03:42:29 com_github_MitjaNemec_ReplicateLayout.replicate_layout 913:Replicating tracks on sheet ['_double_port_pwr3', '_single_channel_pwr_15']
01-13 03:42:29 com_github_MitjaNemec_ReplicateLayout.replicate_layout 737:Net pairs for sheet ['_double_port_pwr3', '_single_channel_pwr_15'] :[('+24V', '+24V'), ('Net-(C3801-Pad1)', 'Net-(C4001-Pad1)'), ('GND', 'GND'), ('/_double_port_pwr3/2Blue', '/_double_port_pwr3/2White2'), ('/_double_port_pwr3/_single_channel_pwr_14/IN', '/_double_port_pwr3/_single_channel_pwr_15/IN')]
01-13 03:42:29 root 304:updating GUI with: 71
01-13 03:42:29 com_github_MitjaNemec_ReplicateLayout.replicate_layout 913:Replicating tracks on sheet ['_double_port_pwr3', '_single_channel_pwr_16']
01-13 03:42:29 com_github_MitjaNemec_ReplicateLayout.replicate_layout 737:Net pairs for sheet ['_double_port_pwr3', '_single_channel_pwr_16'] :[('+24V', '+24V'), ('/_double_port_pwr3/2Blue', '/_double_port_pwr3/1white1'), ('GND', 'GND'), ('Net-(C3801-Pad1)', 'Net-(C2901-Pad1)'), ('/_double_port_pwr3/_single_channel_pwr_14/IN', '/_double_port_pwr3/_single_channel_pwr_16/IN')]
01-13 03:42:29 com_github_MitjaNemec_ReplicateLayout.replicate_layout 913:Replicating tracks on sheet ['_double_port_pwr3', '_single_channel_pwr_17']
01-13 03:42:29 com_github_MitjaNemec_ReplicateLayout.replicate_layout 737:Net pairs for sheet ['_double_port_pwr3', '_single_channel_pwr_17'] :[('+24V', '+24V'), ('/_double_port_pwr3/_single_channel_pwr_14/IN', '/_double_port_pwr3/_single_channel_pwr_17/IN'), ('Net-(C3801-Pad1)', 'Net-(C3001-Pad1)'), ('GND', 'GND'), ('/_double_port_pwr3/2Blue', '/_double_port_pwr3/1Red')]
01-13 03:42:29 com_github_MitjaNemec_ReplicateLayout.replicate_layout 913:Replicating tracks on sheet ['_double_port_pwr3', '_single_channel_pwr_18']
01-13 03:42:29 com_github_MitjaNemec_ReplicateLayout.replicate_layout 737:Net pairs for sheet ['_double_port_pwr3', '_single_channel_pwr_18'] :[('+24V', '+24V'), ('/_double_port_pwr3/2Blue', '/_double_port_pwr3/1TBD'), ('GND', 'GND'), ('Net-(C3801-Pad1)', 'Net-(C3301-Pad1)'), ('/_double_port_pwr3/_single_channel_pwr_14/IN', '/_double_port_pwr3/_single_channel_pwr_18/IN')]
01-13 03:42:29 com_github_MitjaNemec_ReplicateLayout.replicate_layout 913:Replicating tracks on sheet ['_double_port_pwr3', '_single_channel_pwr_19']
01-13 03:42:29 com_github_MitjaNemec_ReplicateLayout.replicate_layout 737:Net pairs for sheet ['_double_port_pwr3', '_single_channel_pwr_19'] :[('+24V', '+24V'), ('/_double_port_pwr3/_single_channel_pwr_14/IN', '/_double_port_pwr3/_single_channel_pwr_19/IN'), ('GND', 'GND'), ('Net-(C3801-Pad1)', 'Net-(C3501-Pad1)'), ('/_double_port_pwr3/2Blue', '/_double_port_pwr3/2white1')]
01-13 03:42:29 root 304:updating GUI with: 83
01-13 03:42:29 com_github_MitjaNemec_ReplicateLayout.replicate_layout 913:Replicating tracks on sheet ['_double_port_pwr3', '_single_channel_pwr_20']
01-13 03:42:29 com_github_MitjaNemec_ReplicateLayout.replicate_layout 737:Net pairs for sheet ['_double_port_pwr3', '_single_channel_pwr_20'] :[('+24V', '+24V'), ('GND', 'GND'), ('Net-(C3801-Pad1)', 'Net-(C3101-Pad1)'), ('/_double_port_pwr3/2Blue', '/_double_port_pwr3/1Green'), ('/_double_port_pwr3/_single_channel_pwr_14/IN', '/_double_port_pwr3/_single_channel_pwr_20/IN')]
01-13 03:42:29 com_github_MitjaNemec_ReplicateLayout.replicate_layout 913:Replicating tracks on sheet ['_double_port_pwr3', '_single_channel_pwr_21']
01-13 03:42:29 com_github_MitjaNemec_ReplicateLayout.replicate_layout 737:Net pairs for sheet ['_double_port_pwr3', '_single_channel_pwr_21'] :[('+24V', '+24V'), ('GND', 'GND'), ('/_double_port_pwr3/2Blue', '/_double_port_pwr3/1Blue'), ('/_double_port_pwr3/_single_channel_pwr_14/IN', '/_double_port_pwr3/_single_channel_pwr_21/IN'), ('Net-(C3801-Pad1)', 'Net-(C3201-Pad1)')]
01-13 03:42:29 com_github_MitjaNemec_ReplicateLayout.replicate_layout 913:Replicating tracks on sheet ['_double_port_pwr3', '_single_channel_pwr_22']
01-13 03:42:29 com_github_MitjaNemec_ReplicateLayout.replicate_layout 737:Net pairs for sheet ['_double_port_pwr3', '_single_channel_pwr_22'] :[('+24V', '+24V'), ('GND', 'GND'), ('Net-(C3801-Pad1)', 'Net-(C3401-Pad1)'), ('/_double_port_pwr3/2Blue', '/_double_port_pwr3/1White2'), ('/_double_port_pwr3/_single_channel_pwr_14/IN', '/_double_port_pwr3/_single_channel_pwr_22/IN')]
01-13 03:42:29 com_github_MitjaNemec_ReplicateLayout.replicate_layout 913:Replicating tracks on sheet ['_double_port_pwr3', '_single_channel_pwr_23']
01-13 03:42:29 com_github_MitjaNemec_ReplicateLayout.replicate_layout 737:Net pairs for sheet ['_double_port_pwr3', '_single_channel_pwr_23'] :[('+24V', '+24V'), ('/_double_port_pwr3/2Blue', '/_double_port_pwr3/2Red'), ('/_double_port_pwr3/_single_channel_pwr_14/IN', '/_double_port_pwr3/_single_channel_pwr_23/IN'), ('GND', 'GND'), ('Net-(C3801-Pad1)', 'Net-(C3601-Pad1)')]
01-13 03:42:29 com_github_MitjaNemec_ReplicateLayout.replicate_layout 913:Replicating tracks on sheet ['_double_port_pwr3', '_single_channel_pwr_24']
01-13 03:42:29 com_github_MitjaNemec_ReplicateLayout.replicate_layout 737:Net pairs for sheet ['_double_port_pwr3', '_single_channel_pwr_24'] :[('+24V', '+24V'), ('GND', 'GND'), ('Net-(C3801-Pad1)', 'Net-(C3701-Pad1)'), ('/_double_port_pwr3/2Blue', '/_double_port_pwr3/2Green'), ('/_double_port_pwr3/_single_channel_pwr_14/IN', '/_double_port_pwr3/_single_channel_pwr_24/IN')]
01-13 03:42:29 root 304:updating GUI with: 97
01-13 03:42:29 root 299:updating GUI message: 'Replicating zones'
01-13 03:42:29 com_github_MitjaNemec_ReplicateLayout.replicate_layout 967:Replicating zones
01-13 03:42:29 com_github_MitjaNemec_ReplicateLayout.replicate_layout 974:Replicating zones on sheet ['_double_port_pwr1', '_single_channel_pwr_13']
01-13 03:42:29 com_github_MitjaNemec_ReplicateLayout.replicate_layout 721:Cannot pair src net: ['', '_double_port_pwr3', '2Blue'] and dst net: ['', '_double_port_pwr1', '2TBD'], with src_net_depth=3, dst_net_depth=3, src_fp_depth=2, dst_fp_depth=2
01-13 03:42:29 com_github_MitjaNemec_ReplicateLayout.replicate_layout 721:Cannot pair src net: ['', '_double_port_pwr3', '2Blue'] and dst net: ['', '_double_port_pwr1', '2TBD'], with src_net_depth=3, dst_net_depth=3, src_fp_depth=2, dst_fp_depth=2
01-13 03:42:29 com_github_MitjaNemec_ReplicateLayout.replicate_layout 721:Cannot pair src net: ['', '_double_port_pwr3', '2Blue'] and dst net: ['', '_double_port_pwr1', '2TBD'], with src_net_depth=3, dst_net_depth=3, src_fp_depth=2, dst_fp_depth=2
01-13 03:42:29 com_github_MitjaNemec_ReplicateLayout.replicate_layout 721:Cannot pair src net: ['', '_double_port_pwr3', '2Blue'] and dst net: ['', '_double_port_pwr1', '2TBD'], with src_net_depth=3, dst_net_depth=3, src_fp_depth=2, dst_fp_depth=2
01-13 03:42:29 com_github_MitjaNemec_ReplicateLayout.replicate_layout 737:Net pairs for sheet ['_double_port_pwr1', '_single_channel_pwr_13'] :[('+24V', '+24V'), ('/_double_port_pwr3/_single_channel_pwr_14/IN', '/_double_port_pwr1/_single_channel_pwr_13/IN'), ('GND', 'GND'), ('Net-(C3801-Pad1)', 'Net-(C1301-Pad1)')]
01-13 03:42:29 com_github_MitjaNemec_ReplicateLayout.replicate_layout 974:Replicating zones on sheet ['_double_port_pwr1', '_single_channel_pwr_14']
01-13 03:42:29 com_github_MitjaNemec_ReplicateLayout.replicate_layout 737:Net pairs for sheet ['_double_port_pwr1', '_single_channel_pwr_14'] :[('+24V', '+24V'), ('/_double_port_pwr3/2Blue', '/_double_port_pwr1/2Blue'), ('GND', 'GND'), ('Net-(C3801-Pad1)', 'Net-(C1201-Pad1)'), ('/_double_port_pwr3/_single_channel_pwr_14/IN', '/_double_port_pwr1/_single_channel_pwr_14/IN')]
01-13 03:42:29 root 304:updating GUI with: 5
01-13 03:42:29 com_github_MitjaNemec_ReplicateLayout.replicate_layout 974:Replicating zones on sheet ['_double_port_pwr1', '_single_channel_pwr_15']
01-13 03:42:29 com_github_MitjaNemec_ReplicateLayout.replicate_layout 721:Cannot pair src net: ['', '_double_port_pwr3', '2Blue'] and dst net: ['', '_double_port_pwr1', '2White2'], with src_net_depth=3, dst_net_depth=3, src_fp_depth=2, dst_fp_depth=2
01-13 03:42:29 com_github_MitjaNemec_ReplicateLayout.replicate_layout 721:Cannot pair src net: ['', '_double_port_pwr3', '2Blue'] and dst net: ['', '_double_port_pwr1', '2White2'], with src_net_depth=3, dst_net_depth=3, src_fp_depth=2, dst_fp_depth=2
01-13 03:42:29 com_github_MitjaNemec_ReplicateLayout.replicate_layout 721:Cannot pair src net: ['', '_double_port_pwr3', '2Blue'] and dst net: ['', '_double_port_pwr1', '2White2'], with src_net_depth=3, dst_net_depth=3, src_fp_depth=2, dst_fp_depth=2
01-13 03:42:29 com_github_MitjaNemec_ReplicateLayout.replicate_layout 721:Cannot pair src net: ['', '_double_port_pwr3', '2Blue'] and dst net: ['', '_double_port_pwr1', '2White2'], with src_net_depth=3, dst_net_depth=3, src_fp_depth=2, dst_fp_depth=2
01-13 03:42:29 com_github_MitjaNemec_ReplicateLayout.replicate_layout 737:Net pairs for sheet ['_double_port_pwr1', '_single_channel_pwr_15'] :[('+24V', '+24V'), ('GND', 'GND'), ('Net-(C3801-Pad1)', 'Net-(C1401-Pad1)'), ('/_double_port_pwr3/_single_channel_pwr_14/IN', '/_double_port_pwr1/_single_channel_pwr_15/IN')]
01-13 03:42:29 com_github_MitjaNemec_ReplicateLayout.replicate_layout 974:Replicating zones on sheet ['_double_port_pwr1', '_single_channel_pwr_16']
01-13 03:42:29 com_github_MitjaNemec_ReplicateLayout.replicate_layout 721:Cannot pair src net: ['', '_double_port_pwr3', '2Blue'] and dst net: ['', '_double_port_pwr1', '1white1'], with src_net_depth=3, dst_net_depth=3, src_fp_depth=2, dst_fp_depth=2
01-13 03:42:29 com_github_MitjaNemec_ReplicateLayout.replicate_layout 721:Cannot pair src net: ['', '_double_port_pwr3', '2Blue'] and dst net: ['', '_double_port_pwr1', '1white1'], with src_net_depth=3, dst_net_depth=3, src_fp_depth=2, dst_fp_depth=2
01-13 03:42:29 com_github_MitjaNemec_ReplicateLayout.replicate_layout 721:Cannot pair src net: ['', '_double_port_pwr3', '2Blue'] and dst net: ['', '_double_port_pwr1', '1white1'], with src_net_depth=3, dst_net_depth=3, src_fp_depth=2, dst_fp_depth=2
01-13 03:42:29 com_github_MitjaNemec_ReplicateLayout.replicate_layout 721:Cannot pair src net: ['', '_double_port_pwr3', '2Blue'] and dst net: ['', '_double_port_pwr1', '1white1'], with src_net_depth=3, dst_net_depth=3, src_fp_depth=2, dst_fp_depth=2
01-13 03:42:29 com_github_MitjaNemec_ReplicateLayout.replicate_layout 737:Net pairs for sheet ['_double_port_pwr1', '_single_channel_pwr_16'] :[('+24V', '+24V'), ('/_double_port_pwr3/_single_channel_pwr_14/IN', '/_double_port_pwr1/_single_channel_pwr_16/IN'), ('GND', 'GND'), ('Net-(C3801-Pad1)', 'Net-(C301-Pad1)')]
01-13 03:42:29 com_github_MitjaNemec_ReplicateLayout.replicate_layout 974:Replicating zones on sheet ['_double_port_pwr1', '_single_channel_pwr_17']
01-13 03:42:29 com_github_MitjaNemec_ReplicateLayout.replicate_layout 721:Cannot pair src net: ['', '_double_port_pwr3', '2Blue'] and dst net: ['', '_double_port_pwr1', '1Red'], with src_net_depth=3, dst_net_depth=3, src_fp_depth=2, dst_fp_depth=2
01-13 03:42:29 com_github_MitjaNemec_ReplicateLayout.replicate_layout 721:Cannot pair src net: ['', '_double_port_pwr3', '2Blue'] and dst net: ['', '_double_port_pwr1', '1Red'], with src_net_depth=3, dst_net_depth=3, src_fp_depth=2, dst_fp_depth=2
01-13 03:42:29 com_github_MitjaNemec_ReplicateLayout.replicate_layout 721:Cannot pair src net: ['', '_double_port_pwr3', '2Blue'] and dst net: ['', '_double_port_pwr1', '1Red'], with src_net_depth=3, dst_net_depth=3, src_fp_depth=2, dst_fp_depth=2
01-13 03:42:29 com_github_MitjaNemec_ReplicateLayout.replicate_layout 721:Cannot pair src net: ['', '_double_port_pwr3', '2Blue'] and dst net: ['', '_double_port_pwr1', '1Red'], with src_net_depth=3, dst_net_depth=3, src_fp_depth=2, dst_fp_depth=2
01-13 03:42:29 com_github_MitjaNemec_ReplicateLayout.replicate_layout 737:Net pairs for sheet ['_double_port_pwr1', '_single_channel_pwr_17'] :[('+24V', '+24V'), ('Net-(C3801-Pad1)', 'Net-(C401-Pad1)'), ('GND', 'GND'), ('/_double_port_pwr3/_single_channel_pwr_14/IN', '/_double_port_pwr1/_single_channel_pwr_17/IN')]
01-13 03:42:29 com_github_MitjaNemec_ReplicateLayout.replicate_layout 974:Replicating zones on sheet ['_double_port_pwr1', '_single_channel_pwr_18']
01-13 03:42:29 com_github_MitjaNemec_ReplicateLayout.replicate_layout 721:Cannot pair src net: ['', '_double_port_pwr3', '2Blue'] and dst net: ['', '_double_port_pwr1', '1TBD'], with src_net_depth=3, dst_net_depth=3, src_fp_depth=2, dst_fp_depth=2
01-13 03:42:29 com_github_MitjaNemec_ReplicateLayout.replicate_layout 721:Cannot pair src net: ['', '_double_port_pwr3', '2Blue'] and dst net: ['', '_double_port_pwr1', '1TBD'], with src_net_depth=3, dst_net_depth=3, src_fp_depth=2, dst_fp_depth=2
01-13 03:42:29 com_github_MitjaNemec_ReplicateLayout.replicate_layout 721:Cannot pair src net: ['', '_double_port_pwr3', '2Blue'] and dst net: ['', '_double_port_pwr1', '1TBD'], with src_net_depth=3, dst_net_depth=3, src_fp_depth=2, dst_fp_depth=2
01-13 03:42:29 com_github_MitjaNemec_ReplicateLayout.replicate_layout 721:Cannot pair src net: ['', '_double_port_pwr3', '2Blue'] and dst net: ['', '_double_port_pwr1', '1TBD'], with src_net_depth=3, dst_net_depth=3, src_fp_depth=2, dst_fp_depth=2
01-13 03:42:29 com_github_MitjaNemec_ReplicateLayout.replicate_layout 737:Net pairs for sheet ['_double_port_pwr1', '_single_channel_pwr_18'] :[('+24V', '+24V'), ('Net-(C3801-Pad1)', 'Net-(C701-Pad1)'), ('GND', 'GND'), ('/_double_port_pwr3/_single_channel_pwr_14/IN', '/_double_port_pwr1/_single_channel_pwr_18/IN')]
01-13 03:42:29 com_github_MitjaNemec_ReplicateLayout.replicate_layout 974:Replicating zones on sheet ['_double_port_pwr1', '_single_channel_pwr_19']
01-13 03:42:29 com_github_MitjaNemec_ReplicateLayout.replicate_layout 721:Cannot pair src net: ['', '_double_port_pwr3', '2Blue'] and dst net: ['', '_double_port_pwr1', '2white1'], with src_net_depth=3, dst_net_depth=3, src_fp_depth=2, dst_fp_depth=2
01-13 03:42:29 com_github_MitjaNemec_ReplicateLayout.replicate_layout 721:Cannot pair src net: ['', '_double_port_pwr3', '2Blue'] and dst net: ['', '_double_port_pwr1', '2white1'], with src_net_depth=3, dst_net_depth=3, src_fp_depth=2, dst_fp_depth=2
01-13 03:42:29 com_github_MitjaNemec_ReplicateLayout.replicate_layout 721:Cannot pair src net: ['', '_double_port_pwr3', '2Blue'] and dst net: ['', '_double_port_pwr1', '2white1'], with src_net_depth=3, dst_net_depth=3, src_fp_depth=2, dst_fp_depth=2
01-13 03:42:29 com_github_MitjaNemec_ReplicateLayout.replicate_layout 721:Cannot pair src net: ['', '_double_port_pwr3', '2Blue'] and dst net: ['', '_double_port_pwr1', '2white1'], with src_net_depth=3, dst_net_depth=3, src_fp_depth=2, dst_fp_depth=2
01-13 03:42:29 com_github_MitjaNemec_ReplicateLayout.replicate_layout 737:Net pairs for sheet ['_double_port_pwr1', '_single_channel_pwr_19'] :[('+24V', '+24V'), ('/_double_port_pwr3/_single_channel_pwr_14/IN', '/_double_port_pwr1/_single_channel_pwr_19/IN'), ('GND', 'GND'), ('Net-(C3801-Pad1)', 'Net-(C901-Pad1)')]
01-13 03:42:29 com_github_MitjaNemec_ReplicateLayout.replicate_layout 974:Replicating zones on sheet ['_double_port_pwr1', '_single_channel_pwr_20']
01-13 03:42:29 com_github_MitjaNemec_ReplicateLayout.replicate_layout 721:Cannot pair src net: ['', '_double_port_pwr3', '2Blue'] and dst net: ['', '_double_port_pwr1', '1Green'], with src_net_depth=3, dst_net_depth=3, src_fp_depth=2, dst_fp_depth=2
01-13 03:42:29 com_github_MitjaNemec_ReplicateLayout.replicate_layout 721:Cannot pair src net: ['', '_double_port_pwr3', '2Blue'] and dst net: ['', '_double_port_pwr1', '1Green'], with src_net_depth=3, dst_net_depth=3, src_fp_depth=2, dst_fp_depth=2
01-13 03:42:29 com_github_MitjaNemec_ReplicateLayout.replicate_layout 721:Cannot pair src net: ['', '_double_port_pwr3', '2Blue'] and dst net: ['', '_double_port_pwr1', '1Green'], with src_net_depth=3, dst_net_depth=3, src_fp_depth=2, dst_fp_depth=2
01-13 03:42:29 com_github_MitjaNemec_ReplicateLayout.replicate_layout 721:Cannot pair src net: ['', '_double_port_pwr3', '2Blue'] and dst net: ['', '_double_port_pwr1', '1Green'], with src_net_depth=3, dst_net_depth=3, src_fp_depth=2, dst_fp_depth=2
01-13 03:42:29 com_github_MitjaNemec_ReplicateLayout.replicate_layout 737:Net pairs for sheet ['_double_port_pwr1', '_single_channel_pwr_20'] :[('Net-(C3801-Pad1)', 'Net-(C501-Pad1)'), ('/_double_port_pwr3/_single_channel_pwr_14/IN', '/_double_port_pwr1/_single_channel_pwr_20/IN'), ('GND', 'GND'), ('+24V', '+24V')]
01-13 03:42:29 com_github_MitjaNemec_ReplicateLayout.replicate_layout 974:Replicating zones on sheet ['_double_port_pwr1', '_single_channel_pwr_21']
01-13 03:42:29 com_github_MitjaNemec_ReplicateLayout.replicate_layout 721:Cannot pair src net: ['', '_double_port_pwr3', '2Blue'] and dst net: ['', '_double_port_pwr1', '1Blue'], with src_net_depth=3, dst_net_depth=3, src_fp_depth=2, dst_fp_depth=2
01-13 03:42:29 com_github_MitjaNemec_ReplicateLayout.replicate_layout 721:Cannot pair src net: ['', '_double_port_pwr3', '2Blue'] and dst net: ['', '_double_port_pwr1', '1Blue'], with src_net_depth=3, dst_net_depth=3, src_fp_depth=2, dst_fp_depth=2
01-13 03:42:29 com_github_MitjaNemec_ReplicateLayout.replicate_layout 721:Cannot pair src net: ['', '_double_port_pwr3', '2Blue'] and dst net: ['', '_double_port_pwr1', '1Blue'], with src_net_depth=3, dst_net_depth=3, src_fp_depth=2, dst_fp_depth=2
01-13 03:42:29 com_github_MitjaNemec_ReplicateLayout.replicate_layout 721:Cannot pair src net: ['', '_double_port_pwr3', '2Blue'] and dst net: ['', '_double_port_pwr1', '1Blue'], with src_net_depth=3, dst_net_depth=3, src_fp_depth=2, dst_fp_depth=2
01-13 03:42:29 com_github_MitjaNemec_ReplicateLayout.replicate_layout 737:Net pairs for sheet ['_double_port_pwr1', '_single_channel_pwr_21'] :[('+24V', '+24V'), ('Net-(C3801-Pad1)', 'Net-(C601-Pad1)'), ('/_double_port_pwr3/_single_channel_pwr_14/IN', '/_double_port_pwr1/_single_channel_pwr_21/IN'), ('GND', 'GND')]
01-13 03:42:29 com_github_MitjaNemec_ReplicateLayout.replicate_layout 974:Replicating zones on sheet ['_double_port_pwr1', '_single_channel_pwr_22']
01-13 03:42:29 com_github_MitjaNemec_ReplicateLayout.replicate_layout 721:Cannot pair src net: ['', '_double_port_pwr3', '2Blue'] and dst net: ['', '_double_port_pwr1', '1White2'], with src_net_depth=3, dst_net_depth=3, src_fp_depth=2, dst_fp_depth=2
01-13 03:42:29 com_github_MitjaNemec_ReplicateLayout.replicate_layout 721:Cannot pair src net: ['', '_double_port_pwr3', '2Blue'] and dst net: ['', '_double_port_pwr1', '1White2'], with src_net_depth=3, dst_net_depth=3, src_fp_depth=2, dst_fp_depth=2
01-13 03:42:29 com_github_MitjaNemec_ReplicateLayout.replicate_layout 721:Cannot pair src net: ['', '_double_port_pwr3', '2Blue'] and dst net: ['', '_double_port_pwr1', '1White2'], with src_net_depth=3, dst_net_depth=3, src_fp_depth=2, dst_fp_depth=2
01-13 03:42:29 com_github_MitjaNemec_ReplicateLayout.replicate_layout 721:Cannot pair src net: ['', '_double_port_pwr3', '2Blue'] and dst net: ['', '_double_port_pwr1', '1White2'], with src_net_depth=3, dst_net_depth=3, src_fp_depth=2, dst_fp_depth=2
01-13 03:42:29 com_github_MitjaNemec_ReplicateLayout.replicate_layout 737:Net pairs for sheet ['_double_port_pwr1', '_single_channel_pwr_22'] :[('+24V', '+24V'), ('Net-(C3801-Pad1)', 'Net-(C801-Pad1)'), ('GND', 'GND'), ('/_double_port_pwr3/_single_channel_pwr_14/IN', '/_double_port_pwr1/_single_channel_pwr_22/IN')]
01-13 03:42:29 com_github_MitjaNemec_ReplicateLayout.replicate_layout 974:Replicating zones on sheet ['_double_port_pwr1', '_single_channel_pwr_23']
01-13 03:42:29 com_github_MitjaNemec_ReplicateLayout.replicate_layout 721:Cannot pair src net: ['', '_double_port_pwr3', '2Blue'] and dst net: ['', '_double_port_pwr1', '2Red'], with src_net_depth=3, dst_net_depth=3, src_fp_depth=2, dst_fp_depth=2
01-13 03:42:29 com_github_MitjaNemec_ReplicateLayout.replicate_layout 721:Cannot pair src net: ['', '_double_port_pwr3', '2Blue'] and dst net: ['', '_double_port_pwr1', '2Red'], with src_net_depth=3, dst_net_depth=3, src_fp_depth=2, dst_fp_depth=2
01-13 03:42:29 com_github_MitjaNemec_ReplicateLayout.replicate_layout 721:Cannot pair src net: ['', '_double_port_pwr3', '2Blue'] and dst net: ['', '_double_port_pwr1', '2Red'], with src_net_depth=3, dst_net_depth=3, src_fp_depth=2, dst_fp_depth=2
01-13 03:42:29 com_github_MitjaNemec_ReplicateLayout.replicate_layout 721:Cannot pair src net: ['', '_double_port_pwr3', '2Blue'] and dst net: ['', '_double_port_pwr1', '2Red'], with src_net_depth=3, dst_net_depth=3, src_fp_depth=2, dst_fp_depth=2
01-13 03:42:29 com_github_MitjaNemec_ReplicateLayout.replicate_layout 737:Net pairs for sheet ['_double_port_pwr1', '_single_channel_pwr_23'] :[('+24V', '+24V'), ('Net-(C3801-Pad1)', 'Net-(C1001-Pad1)'), ('GND', 'GND'), ('/_double_port_pwr3/_single_channel_pwr_14/IN', '/_double_port_pwr1/_single_channel_pwr_23/IN')]
01-13 03:42:29 com_github_MitjaNemec_ReplicateLayout.replicate_layout 974:Replicating zones on sheet ['_double_port_pwr1', '_single_channel_pwr_24']
01-13 03:42:29 com_github_MitjaNemec_ReplicateLayout.replicate_layout 721:Cannot pair src net: ['', '_double_port_pwr3', '2Blue'] and dst net: ['', '_double_port_pwr1', '2Green'], with src_net_depth=3, dst_net_depth=3, src_fp_depth=2, dst_fp_depth=2
01-13 03:42:29 com_github_MitjaNemec_ReplicateLayout.replicate_layout 721:Cannot pair src net: ['', '_double_port_pwr3', '2Blue'] and dst net: ['', '_double_port_pwr1', '2Green'], with src_net_depth=3, dst_net_depth=3, src_fp_depth=2, dst_fp_depth=2
01-13 03:42:29 com_github_MitjaNemec_ReplicateLayout.replicate_layout 721:Cannot pair src net: ['', '_double_port_pwr3', '2Blue'] and dst net: ['', '_double_port_pwr1', '2Green'], with src_net_depth=3, dst_net_depth=3, src_fp_depth=2, dst_fp_depth=2
01-13 03:42:29 com_github_MitjaNemec_ReplicateLayout.replicate_layout 721:Cannot pair src net: ['', '_double_port_pwr3', '2Blue'] and dst net: ['', '_double_port_pwr1', '2Green'], with src_net_depth=3, dst_net_depth=3, src_fp_depth=2, dst_fp_depth=2
01-13 03:42:29 com_github_MitjaNemec_ReplicateLayout.replicate_layout 737:Net pairs for sheet ['_double_port_pwr1', '_single_channel_pwr_24'] :[('+24V', '+24V'), ('Net-(C3801-Pad1)', 'Net-(C1101-Pad1)'), ('GND', 'GND'), ('/_double_port_pwr3/_single_channel_pwr_14/IN', '/_double_port_pwr1/_single_channel_pwr_24/IN')]
01-13 03:42:29 com_github_MitjaNemec_ReplicateLayout.replicate_layout 974:Replicating zones on sheet ['_double_port_pwr2', '_single_channel_pwr_13']
01-13 03:42:29 com_github_MitjaNemec_ReplicateLayout.replicate_layout 721:Cannot pair src net: ['', '_double_port_pwr3', '2Blue'] and dst net: ['', '_double_port_pwr2', '2TBD'], with src_net_depth=3, dst_net_depth=3, src_fp_depth=2, dst_fp_depth=2
01-13 03:42:29 com_github_MitjaNemec_ReplicateLayout.replicate_layout 721:Cannot pair src net: ['', '_double_port_pwr3', '2Blue'] and dst net: ['', '_double_port_pwr2', '2TBD'], with src_net_depth=3, dst_net_depth=3, src_fp_depth=2, dst_fp_depth=2
01-13 03:42:29 com_github_MitjaNemec_ReplicateLayout.replicate_layout 721:Cannot pair src net: ['', '_double_port_pwr3', '2Blue'] and dst net: ['', '_double_port_pwr2', '2TBD'], with src_net_depth=3, dst_net_depth=3, src_fp_depth=2, dst_fp_depth=2
01-13 03:42:29 com_github_MitjaNemec_ReplicateLayout.replicate_layout 721:Cannot pair src net: ['', '_double_port_pwr3', '2Blue'] and dst net: ['', '_double_port_pwr2', '2TBD'], with src_net_depth=3, dst_net_depth=3, src_fp_depth=2, dst_fp_depth=2
01-13 03:42:29 com_github_MitjaNemec_ReplicateLayout.replicate_layout 737:Net pairs for sheet ['_double_port_pwr2', '_single_channel_pwr_13'] :[('+24V', '+24V'), ('Net-(C3801-Pad1)', 'Net-(C2601-Pad1)'), ('GND', 'GND'), ('/_double_port_pwr3/_single_channel_pwr_14/IN', '/_double_port_pwr2/_single_channel_pwr_13/IN')]
01-13 03:42:29 root 304:updating GUI with: 37
01-13 03:42:29 com_github_MitjaNemec_ReplicateLayout.replicate_layout 974:Replicating zones on sheet ['_double_port_pwr2', '_single_channel_pwr_14']
01-13 03:42:29 com_github_MitjaNemec_ReplicateLayout.replicate_layout 737:Net pairs for sheet ['_double_port_pwr2', '_single_channel_pwr_14'] :[('+24V', '+24V'), ('/_double_port_pwr3/_single_channel_pwr_14/IN', '/_double_port_pwr2/_single_channel_pwr_14/IN'), ('/_double_port_pwr3/2Blue', '/_double_port_pwr2/2Blue'), ('GND', 'GND'), ('Net-(C3801-Pad1)', 'Net-(C2501-Pad1)')]
01-13 03:42:29 com_github_MitjaNemec_ReplicateLayout.replicate_layout 974:Replicating zones on sheet ['_double_port_pwr2', '_single_channel_pwr_15']
01-13 03:42:29 com_github_MitjaNemec_ReplicateLayout.replicate_layout 721:Cannot pair src net: ['', '_double_port_pwr3', '2Blue'] and dst net: ['', '_double_port_pwr2', '2White2'], with src_net_depth=3, dst_net_depth=3, src_fp_depth=2, dst_fp_depth=2
01-13 03:42:29 com_github_MitjaNemec_ReplicateLayout.replicate_layout 721:Cannot pair src net: ['', '_double_port_pwr3', '2Blue'] and dst net: ['', '_double_port_pwr2', '2White2'], with src_net_depth=3, dst_net_depth=3, src_fp_depth=2, dst_fp_depth=2
01-13 03:42:29 com_github_MitjaNemec_ReplicateLayout.replicate_layout 721:Cannot pair src net: ['', '_double_port_pwr3', '2Blue'] and dst net: ['', '_double_port_pwr2', '2White2'], with src_net_depth=3, dst_net_depth=3, src_fp_depth=2, dst_fp_depth=2
01-13 03:42:29 com_github_MitjaNemec_ReplicateLayout.replicate_layout 721:Cannot pair src net: ['', '_double_port_pwr3', '2Blue'] and dst net: ['', '_double_port_pwr2', '2White2'], with src_net_depth=3, dst_net_depth=3, src_fp_depth=2, dst_fp_depth=2
01-13 03:42:29 com_github_MitjaNemec_ReplicateLayout.replicate_layout 737:Net pairs for sheet ['_double_port_pwr2', '_single_channel_pwr_15'] :[('+24V', '+24V'), ('/_double_port_pwr3/_single_channel_pwr_14/IN', '/_double_port_pwr2/_single_channel_pwr_15/IN'), ('GND', 'GND'), ('Net-(C3801-Pad1)', 'Net-(C2701-Pad1)')]
01-13 03:42:29 com_github_MitjaNemec_ReplicateLayout.replicate_layout 974:Replicating zones on sheet ['_double_port_pwr2', '_single_channel_pwr_16']
01-13 03:42:29 com_github_MitjaNemec_ReplicateLayout.replicate_layout 721:Cannot pair src net: ['', '_double_port_pwr3', '2Blue'] and dst net: ['', '_double_port_pwr2', '1white1'], with src_net_depth=3, dst_net_depth=3, src_fp_depth=2, dst_fp_depth=2
01-13 03:42:29 com_github_MitjaNemec_ReplicateLayout.replicate_layout 721:Cannot pair src net: ['', '_double_port_pwr3', '2Blue'] and dst net: ['', '_double_port_pwr2', '1white1'], with src_net_depth=3, dst_net_depth=3, src_fp_depth=2, dst_fp_depth=2
01-13 03:42:29 com_github_MitjaNemec_ReplicateLayout.replicate_layout 721:Cannot pair src net: ['', '_double_port_pwr3', '2Blue'] and dst net: ['', '_double_port_pwr2', '1white1'], with src_net_depth=3, dst_net_depth=3, src_fp_depth=2, dst_fp_depth=2
01-13 03:42:29 com_github_MitjaNemec_ReplicateLayout.replicate_layout 721:Cannot pair src net: ['', '_double_port_pwr3', '2Blue'] and dst net: ['', '_double_port_pwr2', '1white1'], with src_net_depth=3, dst_net_depth=3, src_fp_depth=2, dst_fp_depth=2
01-13 03:42:29 com_github_MitjaNemec_ReplicateLayout.replicate_layout 737:Net pairs for sheet ['_double_port_pwr2', '_single_channel_pwr_16'] :[('+24V', '+24V'), ('GND', 'GND'), ('Net-(C3801-Pad1)', 'Net-(C1601-Pad1)'), ('/_double_port_pwr3/_single_channel_pwr_14/IN', '/_double_port_pwr2/_single_channel_pwr_16/IN')]
01-13 03:42:29 com_github_MitjaNemec_ReplicateLayout.replicate_layout 974:Replicating zones on sheet ['_double_port_pwr2', '_single_channel_pwr_17']
01-13 03:42:29 com_github_MitjaNemec_ReplicateLayout.replicate_layout 721:Cannot pair src net: ['', '_double_port_pwr3', '2Blue'] and dst net: ['', '_double_port_pwr2', '1Red'], with src_net_depth=3, dst_net_depth=3, src_fp_depth=2, dst_fp_depth=2
01-13 03:42:29 com_github_MitjaNemec_ReplicateLayout.replicate_layout 721:Cannot pair src net: ['', '_double_port_pwr3', '2Blue'] and dst net: ['', '_double_port_pwr2', '1Red'], with src_net_depth=3, dst_net_depth=3, src_fp_depth=2, dst_fp_depth=2
01-13 03:42:29 com_github_MitjaNemec_ReplicateLayout.replicate_layout 721:Cannot pair src net: ['', '_double_port_pwr3', '2Blue'] and dst net: ['', '_double_port_pwr2', '1Red'], with src_net_depth=3, dst_net_depth=3, src_fp_depth=2, dst_fp_depth=2
01-13 03:42:29 com_github_MitjaNemec_ReplicateLayout.replicate_layout 721:Cannot pair src net: ['', '_double_port_pwr3', '2Blue'] and dst net: ['', '_double_port_pwr2', '1Red'], with src_net_depth=3, dst_net_depth=3, src_fp_depth=2, dst_fp_depth=2
01-13 03:42:29 com_github_MitjaNemec_ReplicateLayout.replicate_layout 737:Net pairs for sheet ['_double_port_pwr2', '_single_channel_pwr_17'] :[('+24V', '+24V'), ('/_double_port_pwr3/_single_channel_pwr_14/IN', '/_double_port_pwr2/_single_channel_pwr_17/IN'), ('GND', 'GND'), ('Net-(C3801-Pad1)', 'Net-(C1701-Pad1)')]
01-13 03:42:29 com_github_MitjaNemec_ReplicateLayout.replicate_layout 974:Replicating zones on sheet ['_double_port_pwr2', '_single_channel_pwr_18']
01-13 03:42:29 com_github_MitjaNemec_ReplicateLayout.replicate_layout 721:Cannot pair src net: ['', '_double_port_pwr3', '2Blue'] and dst net: ['', '_double_port_pwr2', '1TBD'], with src_net_depth=3, dst_net_depth=3, src_fp_depth=2, dst_fp_depth=2
01-13 03:42:29 com_github_MitjaNemec_ReplicateLayout.replicate_layout 721:Cannot pair src net: ['', '_double_port_pwr3', '2Blue'] and dst net: ['', '_double_port_pwr2', '1TBD'], with src_net_depth=3, dst_net_depth=3, src_fp_depth=2, dst_fp_depth=2
01-13 03:42:29 com_github_MitjaNemec_ReplicateLayout.replicate_layout 721:Cannot pair src net: ['', '_double_port_pwr3', '2Blue'] and dst net: ['', '_double_port_pwr2', '1TBD'], with src_net_depth=3, dst_net_depth=3, src_fp_depth=2, dst_fp_depth=2
01-13 03:42:29 com_github_MitjaNemec_ReplicateLayout.replicate_layout 721:Cannot pair src net: ['', '_double_port_pwr3', '2Blue'] and dst net: ['', '_double_port_pwr2', '1TBD'], with src_net_depth=3, dst_net_depth=3, src_fp_depth=2, dst_fp_depth=2
01-13 03:42:29 com_github_MitjaNemec_ReplicateLayout.replicate_layout 737:Net pairs for sheet ['_double_port_pwr2', '_single_channel_pwr_18'] :[('+24V', '+24V'), ('/_double_port_pwr3/_single_channel_pwr_14/IN', '/_double_port_pwr2/_single_channel_pwr_18/IN'), ('Net-(C3801-Pad1)', 'Net-(C2001-Pad1)'), ('GND', 'GND')]
01-13 03:42:29 com_github_MitjaNemec_ReplicateLayout.replicate_layout 974:Replicating zones on sheet ['_double_port_pwr2', '_single_channel_pwr_19']
01-13 03:42:29 com_github_MitjaNemec_ReplicateLayout.replicate_layout 721:Cannot pair src net: ['', '_double_port_pwr3', '2Blue'] and dst net: ['', '_double_port_pwr2', '2white1'], with src_net_depth=3, dst_net_depth=3, src_fp_depth=2, dst_fp_depth=2
01-13 03:42:29 com_github_MitjaNemec_ReplicateLayout.replicate_layout 721:Cannot pair src net: ['', '_double_port_pwr3', '2Blue'] and dst net: ['', '_double_port_pwr2', '2white1'], with src_net_depth=3, dst_net_depth=3, src_fp_depth=2, dst_fp_depth=2
01-13 03:42:29 com_github_MitjaNemec_ReplicateLayout.replicate_layout 721:Cannot pair src net: ['', '_double_port_pwr3', '2Blue'] and dst net: ['', '_double_port_pwr2', '2white1'], with src_net_depth=3, dst_net_depth=3, src_fp_depth=2, dst_fp_depth=2
01-13 03:42:29 com_github_MitjaNemec_ReplicateLayout.replicate_layout 721:Cannot pair src net: ['', '_double_port_pwr3', '2Blue'] and dst net: ['', '_double_port_pwr2', '2white1'], with src_net_depth=3, dst_net_depth=3, src_fp_depth=2, dst_fp_depth=2
01-13 03:42:29 com_github_MitjaNemec_ReplicateLayout.replicate_layout 737:Net pairs for sheet ['_double_port_pwr2', '_single_channel_pwr_19'] :[('+24V', '+24V'), ('Net-(C3801-Pad1)', 'Net-(C2201-Pad1)'), ('GND', 'GND'), ('/_double_port_pwr3/_single_channel_pwr_14/IN', '/_double_port_pwr2/_single_channel_pwr_19/IN')]
01-13 03:42:29 com_github_MitjaNemec_ReplicateLayout.replicate_layout 974:Replicating zones on sheet ['_double_port_pwr2', '_single_channel_pwr_20']
01-13 03:42:29 com_github_MitjaNemec_ReplicateLayout.replicate_layout 721:Cannot pair src net: ['', '_double_port_pwr3', '2Blue'] and dst net: ['', '_double_port_pwr2', '1Green'], with src_net_depth=3, dst_net_depth=3, src_fp_depth=2, dst_fp_depth=2
01-13 03:42:29 com_github_MitjaNemec_ReplicateLayout.replicate_layout 721:Cannot pair src net: ['', '_double_port_pwr3', '2Blue'] and dst net: ['', '_double_port_pwr2', '1Green'], with src_net_depth=3, dst_net_depth=3, src_fp_depth=2, dst_fp_depth=2
01-13 03:42:29 com_github_MitjaNemec_ReplicateLayout.replicate_layout 721:Cannot pair src net: ['', '_double_port_pwr3', '2Blue'] and dst net: ['', '_double_port_pwr2', '1Green'], with src_net_depth=3, dst_net_depth=3, src_fp_depth=2, dst_fp_depth=2
01-13 03:42:29 com_github_MitjaNemec_ReplicateLayout.replicate_layout 721:Cannot pair src net: ['', '_double_port_pwr3', '2Blue'] and dst net: ['', '_double_port_pwr2', '1Green'], with src_net_depth=3, dst_net_depth=3, src_fp_depth=2, dst_fp_depth=2
01-13 03:42:29 com_github_MitjaNemec_ReplicateLayout.replicate_layout 737:Net pairs for sheet ['_double_port_pwr2', '_single_channel_pwr_20'] :[('+24V', '+24V'), ('GND', 'GND'), ('Net-(C3801-Pad1)', 'Net-(C1801-Pad1)'), ('/_double_port_pwr3/_single_channel_pwr_14/IN', '/_double_port_pwr2/_single_channel_pwr_20/IN')]
01-13 03:42:29 com_github_MitjaNemec_ReplicateLayout.replicate_layout 974:Replicating zones on sheet ['_double_port_pwr2', '_single_channel_pwr_21']
01-13 03:42:29 com_github_MitjaNemec_ReplicateLayout.replicate_layout 721:Cannot pair src net: ['', '_double_port_pwr3', '2Blue'] and dst net: ['', '_double_port_pwr2', '1Blue'], with src_net_depth=3, dst_net_depth=3, src_fp_depth=2, dst_fp_depth=2
01-13 03:42:29 com_github_MitjaNemec_ReplicateLayout.replicate_layout 721:Cannot pair src net: ['', '_double_port_pwr3', '2Blue'] and dst net: ['', '_double_port_pwr2', '1Blue'], with src_net_depth=3, dst_net_depth=3, src_fp_depth=2, dst_fp_depth=2
01-13 03:42:29 com_github_MitjaNemec_ReplicateLayout.replicate_layout 721:Cannot pair src net: ['', '_double_port_pwr3', '2Blue'] and dst net: ['', '_double_port_pwr2', '1Blue'], with src_net_depth=3, dst_net_depth=3, src_fp_depth=2, dst_fp_depth=2
01-13 03:42:29 com_github_MitjaNemec_ReplicateLayout.replicate_layout 721:Cannot pair src net: ['', '_double_port_pwr3', '2Blue'] and dst net: ['', '_double_port_pwr2', '1Blue'], with src_net_depth=3, dst_net_depth=3, src_fp_depth=2, dst_fp_depth=2
01-13 03:42:29 com_github_MitjaNemec_ReplicateLayout.replicate_layout 737:Net pairs for sheet ['_double_port_pwr2', '_single_channel_pwr_21'] :[('+24V', '+24V'), ('Net-(C3801-Pad1)', 'Net-(C1901-Pad1)'), ('/_double_port_pwr3/_single_channel_pwr_14/IN', '/_double_port_pwr2/_single_channel_pwr_21/IN'), ('GND', 'GND')]
01-13 03:42:29 com_github_MitjaNemec_ReplicateLayout.replicate_layout 974:Replicating zones on sheet ['_double_port_pwr2', '_single_channel_pwr_22']
01-13 03:42:29 com_github_MitjaNemec_ReplicateLayout.replicate_layout 721:Cannot pair src net: ['', '_double_port_pwr3', '2Blue'] and dst net: ['', '_double_port_pwr2', '1White2'], with src_net_depth=3, dst_net_depth=3, src_fp_depth=2, dst_fp_depth=2
01-13 03:42:29 com_github_MitjaNemec_ReplicateLayout.replicate_layout 721:Cannot pair src net: ['', '_double_port_pwr3', '2Blue'] and dst net: ['', '_double_port_pwr2', '1White2'], with src_net_depth=3, dst_net_depth=3, src_fp_depth=2, dst_fp_depth=2
01-13 03:42:29 com_github_MitjaNemec_ReplicateLayout.replicate_layout 721:Cannot pair src net: ['', '_double_port_pwr3', '2Blue'] and dst net: ['', '_double_port_pwr2', '1White2'], with src_net_depth=3, dst_net_depth=3, src_fp_depth=2, dst_fp_depth=2
01-13 03:42:29 com_github_MitjaNemec_ReplicateLayout.replicate_layout 721:Cannot pair src net: ['', '_double_port_pwr3', '2Blue'] and dst net: ['', '_double_port_pwr2', '1White2'], with src_net_depth=3, dst_net_depth=3, src_fp_depth=2, dst_fp_depth=2
01-13 03:42:29 com_github_MitjaNemec_ReplicateLayout.replicate_layout 737:Net pairs for sheet ['_double_port_pwr2', '_single_channel_pwr_22'] :[('+24V', '+24V'), ('Net-(C3801-Pad1)', 'Net-(C2101-Pad1)'), ('/_double_port_pwr3/_single_channel_pwr_14/IN', '/_double_port_pwr2/_single_channel_pwr_22/IN'), ('GND', 'GND')]
01-13 03:42:29 com_github_MitjaNemec_ReplicateLayout.replicate_layout 974:Replicating zones on sheet ['_double_port_pwr2', '_single_channel_pwr_23']
01-13 03:42:29 com_github_MitjaNemec_ReplicateLayout.replicate_layout 721:Cannot pair src net: ['', '_double_port_pwr3', '2Blue'] and dst net: ['', '_double_port_pwr2', '2Red'], with src_net_depth=3, dst_net_depth=3, src_fp_depth=2, dst_fp_depth=2
01-13 03:42:29 com_github_MitjaNemec_ReplicateLayout.replicate_layout 721:Cannot pair src net: ['', '_double_port_pwr3', '2Blue'] and dst net: ['', '_double_port_pwr2', '2Red'], with src_net_depth=3, dst_net_depth=3, src_fp_depth=2, dst_fp_depth=2
01-13 03:42:29 com_github_MitjaNemec_ReplicateLayout.replicate_layout 721:Cannot pair src net: ['', '_double_port_pwr3', '2Blue'] and dst net: ['', '_double_port_pwr2', '2Red'], with src_net_depth=3, dst_net_depth=3, src_fp_depth=2, dst_fp_depth=2
01-13 03:42:29 com_github_MitjaNemec_ReplicateLayout.replicate_layout 721:Cannot pair src net: ['', '_double_port_pwr3', '2Blue'] and dst net: ['', '_double_port_pwr2', '2Red'], with src_net_depth=3, dst_net_depth=3, src_fp_depth=2, dst_fp_depth=2
01-13 03:42:29 com_github_MitjaNemec_ReplicateLayout.replicate_layout 737:Net pairs for sheet ['_double_port_pwr2', '_single_channel_pwr_23'] :[('+24V', '+24V'), ('/_double_port_pwr3/_single_channel_pwr_14/IN', '/_double_port_pwr2/_single_channel_pwr_23/IN'), ('Net-(C3801-Pad1)', 'Net-(C2301-Pad1)'), ('GND', 'GND')]
01-13 03:42:29 root 304:updating GUI with: 65
01-13 03:42:29 com_github_MitjaNemec_ReplicateLayout.replicate_layout 974:Replicating zones on sheet ['_double_port_pwr2', '_single_channel_pwr_24']
01-13 03:42:29 com_github_MitjaNemec_ReplicateLayout.replicate_layout 721:Cannot pair src net: ['', '_double_port_pwr3', '2Blue'] and dst net: ['', '_double_port_pwr2', '2Green'], with src_net_depth=3, dst_net_depth=3, src_fp_depth=2, dst_fp_depth=2
01-13 03:42:29 com_github_MitjaNemec_ReplicateLayout.replicate_layout 721:Cannot pair src net: ['', '_double_port_pwr3', '2Blue'] and dst net: ['', '_double_port_pwr2', '2Green'], with src_net_depth=3, dst_net_depth=3, src_fp_depth=2, dst_fp_depth=2
01-13 03:42:29 com_github_MitjaNemec_ReplicateLayout.replicate_layout 721:Cannot pair src net: ['', '_double_port_pwr3', '2Blue'] and dst net: ['', '_double_port_pwr2', '2Green'], with src_net_depth=3, dst_net_depth=3, src_fp_depth=2, dst_fp_depth=2
01-13 03:42:29 com_github_MitjaNemec_ReplicateLayout.replicate_layout 721:Cannot pair src net: ['', '_double_port_pwr3', '2Blue'] and dst net: ['', '_double_port_pwr2', '2Green'], with src_net_depth=3, dst_net_depth=3, src_fp_depth=2, dst_fp_depth=2
01-13 03:42:29 com_github_MitjaNemec_ReplicateLayout.replicate_layout 737:Net pairs for sheet ['_double_port_pwr2', '_single_channel_pwr_24'] :[('+24V', '+24V'), ('/_double_port_pwr3/_single_channel_pwr_14/IN', '/_double_port_pwr2/_single_channel_pwr_24/IN'), ('GND', 'GND'), ('Net-(C3801-Pad1)', 'Net-(C2401-Pad1)')]
01-13 03:42:29 com_github_MitjaNemec_ReplicateLayout.replicate_layout 974:Replicating zones on sheet ['_double_port_pwr3', '_single_channel_pwr_13']
01-13 03:42:29 com_github_MitjaNemec_ReplicateLayout.replicate_layout 737:Net pairs for sheet ['_double_port_pwr3', '_single_channel_pwr_13'] :[('+24V', '+24V'), ('Net-(C3801-Pad1)', 'Net-(C3901-Pad1)'), ('GND', 'GND'), ('/_double_port_pwr3/2Blue', '/_double_port_pwr3/2TBD'), ('/_double_port_pwr3/_single_channel_pwr_14/IN', '/_double_port_pwr3/_single_channel_pwr_13/IN')]
01-13 03:42:29 com_github_MitjaNemec_ReplicateLayout.replicate_layout 974:Replicating zones on sheet ['_double_port_pwr3', '_single_channel_pwr_15']
01-13 03:42:29 com_github_MitjaNemec_ReplicateLayout.replicate_layout 737:Net pairs for sheet ['_double_port_pwr3', '_single_channel_pwr_15'] :[('+24V', '+24V'), ('Net-(C3801-Pad1)', 'Net-(C4001-Pad1)'), ('GND', 'GND'), ('/_double_port_pwr3/2Blue', '/_double_port_pwr3/2White2'), ('/_double_port_pwr3/_single_channel_pwr_14/IN', '/_double_port_pwr3/_single_channel_pwr_15/IN')]
01-13 03:42:29 com_github_MitjaNemec_ReplicateLayout.replicate_layout 974:Replicating zones on sheet ['_double_port_pwr3', '_single_channel_pwr_16']
01-13 03:42:29 com_github_MitjaNemec_ReplicateLayout.replicate_layout 737:Net pairs for sheet ['_double_port_pwr3', '_single_channel_pwr_16'] :[('+24V', '+24V'), ('/_double_port_pwr3/2Blue', '/_double_port_pwr3/1white1'), ('GND', 'GND'), ('Net-(C3801-Pad1)', 'Net-(C2901-Pad1)'), ('/_double_port_pwr3/_single_channel_pwr_14/IN', '/_double_port_pwr3/_single_channel_pwr_16/IN')]
01-13 03:42:29 com_github_MitjaNemec_ReplicateLayout.replicate_layout 974:Replicating zones on sheet ['_double_port_pwr3', '_single_channel_pwr_17']
01-13 03:42:29 com_github_MitjaNemec_ReplicateLayout.replicate_layout 737:Net pairs for sheet ['_double_port_pwr3', '_single_channel_pwr_17'] :[('+24V', '+24V'), ('/_double_port_pwr3/_single_channel_pwr_14/IN', '/_double_port_pwr3/_single_channel_pwr_17/IN'), ('Net-(C3801-Pad1)', 'Net-(C3001-Pad1)'), ('GND', 'GND'), ('/_double_port_pwr3/2Blue', '/_double_port_pwr3/1Red')]
01-13 03:42:29 com_github_MitjaNemec_ReplicateLayout.replicate_layout 974:Replicating zones on sheet ['_double_port_pwr3', '_single_channel_pwr_18']
01-13 03:42:29 com_github_MitjaNemec_ReplicateLayout.replicate_layout 737:Net pairs for sheet ['_double_port_pwr3', '_single_channel_pwr_18'] :[('+24V', '+24V'), ('/_double_port_pwr3/2Blue', '/_double_port_pwr3/1TBD'), ('GND', 'GND'), ('Net-(C3801-Pad1)', 'Net-(C3301-Pad1)'), ('/_double_port_pwr3/_single_channel_pwr_14/IN', '/_double_port_pwr3/_single_channel_pwr_18/IN')]
01-13 03:42:29 com_github_MitjaNemec_ReplicateLayout.replicate_layout 974:Replicating zones on sheet ['_double_port_pwr3', '_single_channel_pwr_19']
01-13 03:42:29 com_github_MitjaNemec_ReplicateLayout.replicate_layout 737:Net pairs for sheet ['_double_port_pwr3', '_single_channel_pwr_19'] :[('+24V', '+24V'), ('/_double_port_pwr3/_single_channel_pwr_14/IN', '/_double_port_pwr3/_single_channel_pwr_19/IN'), ('GND', 'GND'), ('Net-(C3801-Pad1)', 'Net-(C3501-Pad1)'), ('/_double_port_pwr3/2Blue', '/_double_port_pwr3/2white1')]
01-13 03:42:29 com_github_MitjaNemec_ReplicateLayout.replicate_layout 974:Replicating zones on sheet ['_double_port_pwr3', '_single_channel_pwr_20']
01-13 03:42:29 com_github_MitjaNemec_ReplicateLayout.replicate_layout 737:Net pairs for sheet ['_double_port_pwr3', '_single_channel_pwr_20'] :[('+24V', '+24V'), ('GND', 'GND'), ('Net-(C3801-Pad1)', 'Net-(C3101-Pad1)'), ('/_double_port_pwr3/2Blue', '/_double_port_pwr3/1Green'), ('/_double_port_pwr3/_single_channel_pwr_14/IN', '/_double_port_pwr3/_single_channel_pwr_20/IN')]
01-13 03:42:29 com_github_MitjaNemec_ReplicateLayout.replicate_layout 974:Replicating zones on sheet ['_double_port_pwr3', '_single_channel_pwr_21']
01-13 03:42:29 com_github_MitjaNemec_ReplicateLayout.replicate_layout 737:Net pairs for sheet ['_double_port_pwr3', '_single_channel_pwr_21'] :[('+24V', '+24V'), ('GND', 'GND'), ('/_double_port_pwr3/2Blue', '/_double_port_pwr3/1Blue'), ('/_double_port_pwr3/_single_channel_pwr_14/IN', '/_double_port_pwr3/_single_channel_pwr_21/IN'), ('Net-(C3801-Pad1)', 'Net-(C3201-Pad1)')]
01-13 03:42:29 com_github_MitjaNemec_ReplicateLayout.replicate_layout 974:Replicating zones on sheet ['_double_port_pwr3', '_single_channel_pwr_22']
01-13 03:42:29 com_github_MitjaNemec_ReplicateLayout.replicate_layout 737:Net pairs for sheet ['_double_port_pwr3', '_single_channel_pwr_22'] :[('+24V', '+24V'), ('GND', 'GND'), ('Net-(C3801-Pad1)', 'Net-(C3401-Pad1)'), ('/_double_port_pwr3/2Blue', '/_double_port_pwr3/1White2'), ('/_double_port_pwr3/_single_channel_pwr_14/IN', '/_double_port_pwr3/_single_channel_pwr_22/IN')]
01-13 03:42:29 com_github_MitjaNemec_ReplicateLayout.replicate_layout 974:Replicating zones on sheet ['_double_port_pwr3', '_single_channel_pwr_23']
01-13 03:42:29 com_github_MitjaNemec_ReplicateLayout.replicate_layout 737:Net pairs for sheet ['_double_port_pwr3', '_single_channel_pwr_23'] :[('+24V', '+24V'), ('/_double_port_pwr3/2Blue', '/_double_port_pwr3/2Red'), ('/_double_port_pwr3/_single_channel_pwr_14/IN', '/_double_port_pwr3/_single_channel_pwr_23/IN'), ('GND', 'GND'), ('Net-(C3801-Pad1)', 'Net-(C3601-Pad1)')]
01-13 03:42:29 com_github_MitjaNemec_ReplicateLayout.replicate_layout 974:Replicating zones on sheet ['_double_port_pwr3', '_single_channel_pwr_24']
01-13 03:42:29 com_github_MitjaNemec_ReplicateLayout.replicate_layout 737:Net pairs for sheet ['_double_port_pwr3', '_single_channel_pwr_24'] :[('+24V', '+24V'), ('GND', 'GND'), ('Net-(C3801-Pad1)', 'Net-(C3701-Pad1)'), ('/_double_port_pwr3/2Blue', '/_double_port_pwr3/2Green'), ('/_double_port_pwr3/_single_channel_pwr_14/IN', '/_double_port_pwr3/_single_channel_pwr_24/IN')]
01-13 03:42:29 root 299:updating GUI message: 'Replicating text'
01-13 03:42:29 com_github_MitjaNemec_ReplicateLayout.replicate_layout 1047:Replicating text
01-13 03:42:29 root 304:updating GUI with: 0
01-13 03:42:29 com_github_MitjaNemec_ReplicateLayout.replicate_layout 1054:Replicating text on sheet ['_double_port_pwr1', '_single_channel_pwr_13']
01-13 03:42:29 com_github_MitjaNemec_ReplicateLayout.replicate_layout 1054:Replicating text on sheet ['_double_port_pwr1', '_single_channel_pwr_14']
01-13 03:42:29 com_github_MitjaNemec_ReplicateLayout.replicate_layout 1054:Replicating text on sheet ['_double_port_pwr1', '_single_channel_pwr_15']
01-13 03:42:29 com_github_MitjaNemec_ReplicateLayout.replicate_layout 1054:Replicating text on sheet ['_double_port_pwr1', '_single_channel_pwr_16']
01-13 03:42:29 com_github_MitjaNemec_ReplicateLayout.replicate_layout 1054:Replicating text on sheet ['_double_port_pwr1', '_single_channel_pwr_17']
01-13 03:42:29 com_github_MitjaNemec_ReplicateLayout.replicate_layout 1054:Replicating text on sheet ['_double_port_pwr1', '_single_channel_pwr_18']
01-13 03:42:29 com_github_MitjaNemec_ReplicateLayout.replicate_layout 1054:Replicating text on sheet ['_double_port_pwr1', '_single_channel_pwr_19']
01-13 03:42:29 com_github_MitjaNemec_ReplicateLayout.replicate_layout 1054:Replicating text on sheet ['_double_port_pwr1', '_single_channel_pwr_20']
01-13 03:42:29 com_github_MitjaNemec_ReplicateLayout.replicate_layout 1054:Replicating text on sheet ['_double_port_pwr1', '_single_channel_pwr_21']
01-13 03:42:29 com_github_MitjaNemec_ReplicateLayout.replicate_layout 1054:Replicating text on sheet ['_double_port_pwr1', '_single_channel_pwr_22']
01-13 03:42:29 com_github_MitjaNemec_ReplicateLayout.replicate_layout 1054:Replicating text on sheet ['_double_port_pwr1', '_single_channel_pwr_23']
01-13 03:42:29 com_github_MitjaNemec_ReplicateLayout.replicate_layout 1054:Replicating text on sheet ['_double_port_pwr1', '_single_channel_pwr_24']
01-13 03:42:29 com_github_MitjaNemec_ReplicateLayout.replicate_layout 1054:Replicating text on sheet ['_double_port_pwr2', '_single_channel_pwr_13']
01-13 03:42:29 com_github_MitjaNemec_ReplicateLayout.replicate_layout 1054:Replicating text on sheet ['_double_port_pwr2', '_single_channel_pwr_14']
01-13 03:42:29 com_github_MitjaNemec_ReplicateLayout.replicate_layout 1054:Replicating text on sheet ['_double_port_pwr2', '_single_channel_pwr_15']
01-13 03:42:29 com_github_MitjaNemec_ReplicateLayout.replicate_layout 1054:Replicating text on sheet ['_double_port_pwr2', '_single_channel_pwr_16']
01-13 03:42:29 com_github_MitjaNemec_ReplicateLayout.replicate_layout 1054:Replicating text on sheet ['_double_port_pwr2', '_single_channel_pwr_17']
01-13 03:42:29 com_github_MitjaNemec_ReplicateLayout.replicate_layout 1054:Replicating text on sheet ['_double_port_pwr2', '_single_channel_pwr_18']
01-13 03:42:29 com_github_MitjaNemec_ReplicateLayout.replicate_layout 1054:Replicating text on sheet ['_double_port_pwr2', '_single_channel_pwr_19']
01-13 03:42:29 com_github_MitjaNemec_ReplicateLayout.replicate_layout 1054:Replicating text on sheet ['_double_port_pwr2', '_single_channel_pwr_20']
01-13 03:42:29 com_github_MitjaNemec_ReplicateLayout.replicate_layout 1054:Replicating text on sheet ['_double_port_pwr2', '_single_channel_pwr_21']
01-13 03:42:29 com_github_MitjaNemec_ReplicateLayout.replicate_layout 1054:Replicating text on sheet ['_double_port_pwr2', '_single_channel_pwr_22']
01-13 03:42:29 com_github_MitjaNemec_ReplicateLayout.replicate_layout 1054:Replicating text on sheet ['_double_port_pwr2', '_single_channel_pwr_23']
01-13 03:42:29 com_github_MitjaNemec_ReplicateLayout.replicate_layout 1054:Replicating text on sheet ['_double_port_pwr2', '_single_channel_pwr_24']
01-13 03:42:29 com_github_MitjaNemec_ReplicateLayout.replicate_layout 1054:Replicating text on sheet ['_double_port_pwr3', '_single_channel_pwr_13']
01-13 03:42:29 com_github_MitjaNemec_ReplicateLayout.replicate_layout 1054:Replicating text on sheet ['_double_port_pwr3', '_single_channel_pwr_15']
01-13 03:42:29 com_github_MitjaNemec_ReplicateLayout.replicate_layout 1054:Replicating text on sheet ['_double_port_pwr3', '_single_channel_pwr_16']
01-13 03:42:29 com_github_MitjaNemec_ReplicateLayout.replicate_layout 1054:Replicating text on sheet ['_double_port_pwr3', '_single_channel_pwr_17']
01-13 03:42:29 com_github_MitjaNemec_ReplicateLayout.replicate_layout 1054:Replicating text on sheet ['_double_port_pwr3', '_single_channel_pwr_18']
01-13 03:42:29 com_github_MitjaNemec_ReplicateLayout.replicate_layout 1054:Replicating text on sheet ['_double_port_pwr3', '_single_channel_pwr_19']
01-13 03:42:29 com_github_MitjaNemec_ReplicateLayout.replicate_layout 1054:Replicating text on sheet ['_double_port_pwr3', '_single_channel_pwr_20']
01-13 03:42:29 com_github_MitjaNemec_ReplicateLayout.replicate_layout 1054:Replicating text on sheet ['_double_port_pwr3', '_single_channel_pwr_21']
01-13 03:42:29 com_github_MitjaNemec_ReplicateLayout.replicate_layout 1054:Replicating text on sheet ['_double_port_pwr3', '_single_channel_pwr_22']
01-13 03:42:29 com_github_MitjaNemec_ReplicateLayout.replicate_layout 1054:Replicating text on sheet ['_double_port_pwr3', '_single_channel_pwr_23']
01-13 03:42:29 com_github_MitjaNemec_ReplicateLayout.replicate_layout 1054:Replicating text on sheet ['_double_port_pwr3', '_single_channel_pwr_24']
01-13 03:42:29 root 299:updating GUI message: 'Replicating drawings'
01-13 03:42:29 com_github_MitjaNemec_ReplicateLayout.replicate_layout 1088:Replicating drawings
01-13 03:42:29 root 304:updating GUI with: 0
01-13 03:42:29 com_github_MitjaNemec_ReplicateLayout.replicate_layout 1094:Replicating drawings on sheet ['_double_port_pwr1', '_single_channel_pwr_13']
01-13 03:42:29 com_github_MitjaNemec_ReplicateLayout.replicate_layout 1094:Replicating drawings on sheet ['_double_port_pwr1', '_single_channel_pwr_14']
01-13 03:42:29 com_github_MitjaNemec_ReplicateLayout.replicate_layout 1094:Replicating drawings on sheet ['_double_port_pwr1', '_single_channel_pwr_15']
01-13 03:42:29 com_github_MitjaNemec_ReplicateLayout.replicate_layout 1094:Replicating drawings on sheet ['_double_port_pwr1', '_single_channel_pwr_16']
01-13 03:42:29 com_github_MitjaNemec_ReplicateLayout.replicate_layout 1094:Replicating drawings on sheet ['_double_port_pwr1', '_single_channel_pwr_17']
01-13 03:42:29 com_github_MitjaNemec_ReplicateLayout.replicate_layout 1094:Replicating drawings on sheet ['_double_port_pwr1', '_single_channel_pwr_18']
01-13 03:42:29 com_github_MitjaNemec_ReplicateLayout.replicate_layout 1094:Replicating drawings on sheet ['_double_port_pwr1', '_single_channel_pwr_19']
01-13 03:42:29 com_github_MitjaNemec_ReplicateLayout.replicate_layout 1094:Replicating drawings on sheet ['_double_port_pwr1', '_single_channel_pwr_20']
01-13 03:42:29 com_github_MitjaNemec_ReplicateLayout.replicate_layout 1094:Replicating drawings on sheet ['_double_port_pwr1', '_single_channel_pwr_21']
01-13 03:42:29 com_github_MitjaNemec_ReplicateLayout.replicate_layout 1094:Replicating drawings on sheet ['_double_port_pwr1', '_single_channel_pwr_22']
01-13 03:42:29 com_github_MitjaNemec_ReplicateLayout.replicate_layout 1094:Replicating drawings on sheet ['_double_port_pwr1', '_single_channel_pwr_23']
01-13 03:42:29 com_github_MitjaNemec_ReplicateLayout.replicate_layout 1094:Replicating drawings on sheet ['_double_port_pwr1', '_single_channel_pwr_24']
01-13 03:42:29 com_github_MitjaNemec_ReplicateLayout.replicate_layout 1094:Replicating drawings on sheet ['_double_port_pwr2', '_single_channel_pwr_13']
01-13 03:42:29 com_github_MitjaNemec_ReplicateLayout.replicate_layout 1094:Replicating drawings on sheet ['_double_port_pwr2', '_single_channel_pwr_14']
01-13 03:42:29 com_github_MitjaNemec_ReplicateLayout.replicate_layout 1094:Replicating drawings on sheet ['_double_port_pwr2', '_single_channel_pwr_15']
01-13 03:42:29 com_github_MitjaNemec_ReplicateLayout.replicate_layout 1094:Replicating drawings on sheet ['_double_port_pwr2', '_single_channel_pwr_16']
01-13 03:42:29 com_github_MitjaNemec_ReplicateLayout.replicate_layout 1094:Replicating drawings on sheet ['_double_port_pwr2', '_single_channel_pwr_17']
01-13 03:42:29 com_github_MitjaNemec_ReplicateLayout.replicate_layout 1094:Replicating drawings on sheet ['_double_port_pwr2', '_single_channel_pwr_18']
01-13 03:42:29 com_github_MitjaNemec_ReplicateLayout.replicate_layout 1094:Replicating drawings on sheet ['_double_port_pwr2', '_single_channel_pwr_19']
01-13 03:42:29 com_github_MitjaNemec_ReplicateLayout.replicate_layout 1094:Replicating drawings on sheet ['_double_port_pwr2', '_single_channel_pwr_20']
01-13 03:42:29 com_github_MitjaNemec_ReplicateLayout.replicate_layout 1094:Replicating drawings on sheet ['_double_port_pwr2', '_single_channel_pwr_21']
01-13 03:42:29 com_github_MitjaNemec_ReplicateLayout.replicate_layout 1094:Replicating drawings on sheet ['_double_port_pwr2', '_single_channel_pwr_22']
01-13 03:42:29 com_github_MitjaNemec_ReplicateLayout.replicate_layout 1094:Replicating drawings on sheet ['_double_port_pwr2', '_single_channel_pwr_23']
01-13 03:42:29 com_github_MitjaNemec_ReplicateLayout.replicate_layout 1094:Replicating drawings on sheet ['_double_port_pwr2', '_single_channel_pwr_24']
01-13 03:42:29 com_github_MitjaNemec_ReplicateLayout.replicate_layout 1094:Replicating drawings on sheet ['_double_port_pwr3', '_single_channel_pwr_13']
01-13 03:42:29 com_github_MitjaNemec_ReplicateLayout.replicate_layout 1094:Replicating drawings on sheet ['_double_port_pwr3', '_single_channel_pwr_15']
01-13 03:42:29 com_github_MitjaNemec_ReplicateLayout.replicate_layout 1094:Replicating drawings on sheet ['_double_port_pwr3', '_single_channel_pwr_16']
01-13 03:42:29 com_github_MitjaNemec_ReplicateLayout.replicate_layout 1094:Replicating drawings on sheet ['_double_port_pwr3', '_single_channel_pwr_17']
01-13 03:42:29 com_github_MitjaNemec_ReplicateLayout.replicate_layout 1094:Replicating drawings on sheet ['_double_port_pwr3', '_single_channel_pwr_18']
01-13 03:42:29 com_github_MitjaNemec_ReplicateLayout.replicate_layout 1094:Replicating drawings on sheet ['_double_port_pwr3', '_single_channel_pwr_19']
01-13 03:42:29 com_github_MitjaNemec_ReplicateLayout.replicate_layout 1094:Replicating drawings on sheet ['_double_port_pwr3', '_single_channel_pwr_20']
01-13 03:42:29 com_github_MitjaNemec_ReplicateLayout.replicate_layout 1094:Replicating drawings on sheet ['_double_port_pwr3', '_single_channel_pwr_21']
01-13 03:42:29 com_github_MitjaNemec_ReplicateLayout.replicate_layout 1094:Replicating drawings on sheet ['_double_port_pwr3', '_single_channel_pwr_22']
01-13 03:42:29 com_github_MitjaNemec_ReplicateLayout.replicate_layout 1094:Replicating drawings on sheet ['_double_port_pwr3', '_single_channel_pwr_23']
01-13 03:42:29 com_github_MitjaNemec_ReplicateLayout.replicate_layout 1094:Replicating drawings on sheet ['_double_port_pwr3', '_single_channel_pwr_24']
01-13 03:42:29 root 299:updating GUI message: 'Removing duplicates'
01-13 03:42:30 com_github_MitjaNemec_ReplicateLayout.action_replicate_layout 223:Replication complete
01-13 03:42:30 com_github_MitjaNemec_ReplicateLayout.action_replicate_layout 226:Letting the user know there are some issues with replicated design
01-13 03:42:30 com_github_MitjaNemec_ReplicateLayout.action_replicate_layout 230:Looks like the design has an exotic connectivity that is not supported by the plugin
 Make sure that you check the connectivity around:
Footprint C2102, pad 2
Footprint D2101, pad 2
Footprint C2302, pad 2
Footprint Q1001, pad 3
Footprint C2702, pad 2
Footprint C2402, pad 2
Footprint D2301, pad 2
Footprint D801, pad 2
Footprint C403, pad 1
Footprint D1001, pad 2
Footprint Q2401, pad 3
Footprint C1603, pad 1
Footprint C1103, pad 1
Footprint C1402, pad 2
Footprint Q1301, pad 3
Footprint C1302, pad 2
Footprint D1601, pad 2
Footprint D2201, pad 2
Footprint C2002, pad 2
Footprint C2703, pad 1
Footprint Q501, pad 3
Footprint D2701, pad 2
Footprint D1801, pad 2
Footprint Q2601, pad 3
Footprint C303, pad 1
Footprint D1101, pad 2
Footprint D501, pad 2
Footprint C2103, pad 1
Footprint C502, pad 2
Footprint C1803, pad 1
Footprint C702, pad 2
Footprint C803, pad 1
Footprint D1901, pad 2
Footprint C1002, pad 2
Footprint Q1101, pad 3
Footprint Q1901, pad 3
Footprint C1102, pad 2
Footprint D1301, pad 2
Footprint C1702, pad 2
Footprint D301, pad 2
Footprint Q601, pad 3
Footprint D901, pad 2
Footprint D1401, pad 2
Footprint D2001, pad 2
Footprint C703, pad 1
Footprint C2403, pad 1
Footprint Q401, pad 3
Footprint D1701, pad 2
Footprint C902, pad 2
Footprint C603, pad 1
Footprint Q801, pad 3
Footprint Q1801, pad 3
Footprint C2203, pad 1
Footprint C2602, pad 2
Footprint C1903, pad 1
Footprint C602, pad 2
Footprint D401, pad 2
Footprint C1003, pad 1
Footprint C1902, pad 2
Footprint C1602, pad 2
Footprint C903, pad 1
Footprint C1703, pad 1
Footprint Q1401, pad 3
Footprint C1802, pad 2
Footprint Q1601, pad 3
Footprint C1403, pad 1
Footprint C2202, pad 2
Footprint Q2001, pad 3
Footprint C2303, pad 1
Footprint C802, pad 2
Footprint D601, pad 2
Footprint Q2101, pad 3
Footprint Q301, pad 3
Footprint Q1701, pad 3
Footprint C302, pad 2
Footprint Q901, pad 3
Footprint C2003, pad 1
Footprint D2401, pad 2
Footprint C2603, pad 1
Footprint Q2701, pad 3
Footprint D2601, pad 2
Footprint C503, pad 1
Footprint Q2301, pad 3
Footprint Q701, pad 3
Footprint C402, pad 2
Footprint C1303, pad 1
Footprint Q2201, pad 3
Footprint D701, pad 2

